title,author,published_date,word_count,char_count,content,url,scraped_at
Azelastin Tetes Mata,Unknown,Unknown,479,3412,"Azelastin tetes mata adalah obat antihistamin untuk meringankan berbagai gejala alergi pada mata, seperti gatal, kemerahan, dan mata berair. Obat ini hanya bisa diperoleh dengan resep dokter.

Reaksi alergi dapat terjadi akibat meningkatnya histamin ketika tubuh terpapar pemicu alergi (alergen), seperti serbuk tanaman, bulu hewan, bahan kosmetik, atau debu. Penggunaan azelastin tetes mata dapat menghambat pelepasan histamin sehingga gejala alergi juga akan berkurang.

Merek dagang azelastin tetes mata: Azelastin-Comod

Azelastin tetes mata tidak boleh digunakan secara sembarangan. Ada beberapa hal yang perlu diperhatikan sebelum menggunakan obat ini, yaitu:

Dosis azelastin tetes mata akan ditentukan oleh dokter berdasarkan usia dan kondisi pasien. Secara umum, berikut adalah dosis azelastin tetes mata:

Kondisi: Konjungtivitis alergi

Ikuti anjuran dokter dan baca petunjuk pada kemasan sebelum menggunakan azelastin tetes mata. Jangan menambah atau mengurangi dosis tanpa seizin dokter.

Cuci bersih kedua tangan Anda sebelum menggunakan obat ini. Buka tutup obat, lalu tengadahkan kepala. Setelah itu, tarik perlahan kelopak mata bagian bawah dan teteskan obat ke dalamnya. Jangan meneteskan obat lebih dari sekali, kecuali jika obat tidak masuk ke mata pada tetesan pertama.

Tutup mata selama 1–2 menit, lalu tekan bagian ujung mata di sisi hidung dengan jari secara perlahan. Tujuannya adalah agar obat tidak mengalir ke hidung. Ulangi langkah tersebut pada mata yang lain. Jangan lupa untuk menutup kembali botol obat setelah selesai digunakan.

Perlu diingat bahwa kebersihan di ujung alat tetes mata harus dijaga dan tidak sampai tersentuh apa pun agar tidak terkontaminasi.

Cuci bersih lagi kedua tangan setelah menggunakan azelastin tetes mata untuk memastikan tidak ada obat tertinggal di tangan.

Jika lupa menggunakan azelastin tetes mata, segera gunakan begitu teringat. Namun, bila sudah dekat dengan jadwal penggunaan berikutnya, abaikan dosis yang terlewat dan jangan menggandakan dosis selanjutnya.

Pengobatan dengan azelastin tetes mata biasanya dihentikan jika gejala sudah hilang. Konsultasikan dengan dokter bila gejala tidak mereda dalam waktu 48 jam.

Untuk konjungtivitis alergi kronis, azelastin tetes mata bisa dipakai lebih lama. Ikuti lama penggunaan obat yang diberikan dokter. Namun, obat ini tidak boleh digunakan lebih dari 6 minggu.

Simpan azelastin tetes mata di tempat bersuhu ruangan, kering, dan terhindar dari sinar matahari langsung, serta jauhkan dari jangkauan anak-anak.

Belum diketahui efek interaksi yang bisa terjadi jika azelastin tetes mata digunakan bersama dengan obat-obatan lain. Untuk menghindari interaksi antarobat yang tidak diinginkan, beri tahu dokter semua obat, produk herbal, atau suplemen, yang sedang Anda gunakan.

Jika Anda sedang menggunakan obat mata lain, berikan jeda 5–10 menit sebelum menggunakan obat lain tersebut. Jika Anda menggunakan obat tetes dan salep mata, gunakan tetes mata terlebih dahulu.

Beberapa efek samping yang mungkin terjadi setelah menggunakan azelastin tetes mata adalah sebagai berikut:

Efek samping di atas umumnya akan hilang setelah beberapa menit. Periksakan diri ke dokter jika efek samping tersebut tidak kunjung membaik atau malah memburuk. Walaupun jarang terjadi, segera ke dokter jika mengalami reaksi alergi obat atau efek samping yang lebih serius, seperti:

Lihat lebih lanjut mengenai:",https://www.alodokter.com/azelastin-tetes-mata,2025-11-07T06:35:16.113589
Mata Malas,Unknown,Unknown,879,6227,"Mata malas adalah gangguan penglihatan pada salah satu mata karena saraf yang menghubungkan otak dan mata tersebut tidak terhubung dengan baik. Akibatnya, kemampuan penglihatan pada mata tersebut menurun, sedangkan mata yang lain dapat melihat dengan jelas. Jika tidak ditangani, mata malas bisa menetap hingga dewasa.

Mata malas atau amblyopia terjadi pada anak-anak, yang umumnya terjadi sejak lahir hingga usia 7 tahun. Kondisi ini menyebabkan kualitas atau fokus penglihatan yang dihasilkan oleh kedua mata berbeda. Akibatnya, otak hanya akan menerjemahkan sinyal penglihatan dari mata yang baik dan mengabaikan penglihatan dari mata yang mengalami mata malas.

Mata malas terjadi ketika koneksi saraf dari salah satu mata ke otak tidak terbentuk sempurna pada masa kanak-kanak. Akibatnya, mata dengan kemampuan penglihatan yang buruk akan mengirimkan sinyal visual yang kabur atau keliru ke otak.

Seiring waktu, kinerja kedua mata menjadi tidak sinkron dan otak akan mengabaikan sinyal dari mata yang buruk.

Mata malas pada anak dapat disebabkan oleh berbagai hal, yaitu:

Mata juling adalah kondisi ketika posisi kedua mata tidak sejajar dan melihat ke arah yang berbeda. Pada kondisi ini, salah satu mata melihat ke depan dan mata yang lain melihat ke atas, bawah, atau samping. Akibatnya, penderita tidak dapat memusatkan pandangan pada satu titik dan sering mengalami penglihatan ganda.

Kondisi ini terjadi akibat adanya perbedaan proses masuknya cahaya (refraksi) pada kedua mata. Akibatnya, mata yang penglihatannya lebih jelas akan lebih dominan digunakan untuk melihat. Contoh gangguan refraksi adalah rabun jauh, rabun dekat, dan astigmatisme.

Katarak menyebabkan terjadinya pengapuran pada lensa mata sehingga membuat penglihatan menjadi buram. Jika hanya terjadi pada salah satu mata, kondisi ini bisa memicu terjadinya mata malas pada anak.

Luka pada kornea atau lapisan transparan di bagian depan mata dapat menyebabkan gangguan penglihatan dan memicu mata malas. Di samping itu, mata malas juga bisa dipicu oleh kelopak mata terkulai (ptosis)

Selain kondisi-kondisi di atas, ada beberapa faktor yang dapat meningkatkan risiko terjadinya mata malas, yaitu:

Anak-anak mungkin jarang menyadari bila mereka menderita gangguan penglihatan sehingga mata malas sulit dideteksi. Oleh sebab itu, orang tua sebaiknya mewaspadai jika anak menunjukkan gejala dan tanda berikut ini:

Segera periksakan anak ke dokter jika Anda menyadari adanya gejala atau tanda mata malas pada anak seperti yang telah disebutkan di atas. Pemeriksaan mata sangat dianjurkan jika terdapat riwayat gangguan mata dalam keluarga, seperti mata juling atau katarak sejak dini.

Untuk mendeteksi mata malas pada anak, orang tua dapat melakukan tes secara mandiri di rumah. Pemeriksaan dilakukan dengan menutup salah satu mata anak secara bergiliran dan meminta anak untuk melihat suatu objek.

Umumnya, anak akan mengeluh jika yang ditutupi adalah mata yang baik dan tidak akan mengeluh jika yang ditutupi adalah mata yang malas. Akan tetapi, untuk lebih memastikan diagnosis, orang tua disarankan untuk memeriksakan anak ke dokter.

Pada sebagian besar kasus, dokter bisa mendeteksi mata malas melalui pemeriksaan mata lengkap. Ketika pemeriksaan berlangsung, dokter akan memberikan tetes mata untuk memperlebar pupil dan memeriksa bagian belakang mata.

Metode pemeriksaan untuk mendiagnosis mata malas sesuai dengan usia anak dan tahap perkembangannya. Pada bayi dan balita, dokter akan mendeteksi katarak dengan menggunakan alat pembesar. Dokter juga akan memeriksa kemampuannya dalam melirik dan melihat benda bergerak.

Sementara pada anak usia 3 tahun ke atas, dokter akan meminta anak melihat gambar atau huruf menggunakan masing-masing mata secara bergantian sambil menutup mata yang lain.

Kemungkinan mata malas untuk sembuh cukup tinggi jika dideteksi dan diatasi sedini mungkin. Sebaliknya, penanganan yang baru diberikan setelah anak berusia di atas 6 tahun memiliki tingkat kesembuhan lebih rendah.

Penanganan mata malas bertujuan untuk mengatasi penyebabnya dan mengajarkan anak untuk membiasakan diri melihat dengan mata yang terkena. Metodenya akan disesuaikan dengan tingkat keparahan kondisi dan efeknya pada penglihatan anak.

Beberapa metode penanganan mata malas yang akan disarankan oleh dokter adalah:

Pemakaian kacamata dapat memperbaiki mata malas yang disebabkan oleh kelainan refraksi, seperti rabun dekat, rabun jauh, dan astigmatisme.

Penanganan mata malas dengan penutup mata paling efektif bagi pasien balita. Terapi ini dilakukan dengan memakaikan alat penutup mata ke mata yang normal. Tujuannya adalah untuk memperbaiki penglihatan pada mata yang malas.

Penutup mata umumnya dipakai selama 2–6 jam per hari. Pada beberapa kasus, terapi ini dapat dikombinasikan dengan penggunaan kacamata.

Obat tetes mata khusus ini bertujuan untuk mengaburkan pandangan pada mata yang normal. Hal ini akan mendorong anak untuk menggunakan mata malasnya. Namun, obat tetes mata seperti ini dapat meningkatkan sensitivitas terhadap cahaya atau iritasi mata.

Prosedur ini dianjurkan untuk mengatasi mata malas yang disebabkan oleh katarak atau mata juling. Operasi umumnya didahului pemberian bius total. Setelah menjalani operasi, anak harus menjalani pemulihan di rumah sakit.

Pada sebagian besar kasus, mata malas yang ditangani dengan tepat akan sembuh dalam beberapa minggu atau bulan. Namun, pengobatan umumnya perlu dilakukan selama 6 bulan hingga 2 tahun, terutama jika pasien mengalami kekambuhan.

Jika tidak ditangani, mata malas bisa menyebabkan gangguan pada otot bola mata. Untuk mengatasi kondisi tersebut, perlu dilakukan prosedur operasi. Komplikasi lain yang dapat terjadi akibat mata malas adalah kebutaan permanen pada mata yang mengalami mata malas.

Untuk mencegah mata malas, bawalah anak ke dokter untuk menjalani pemeriksaan mata. Pemeriksaan dapat dilakukan secara rutin pada saat anak berusia 6 bulan, 3 tahun, dan pada usia sekolah.

Tujuan pemeriksaan mata rutin adalah untuk memastikan perkembangan penglihatan anak dan mendeteksi sedini mungkin bila ada gangguan penglihatan. Jika pada saat pemeriksaan dokter mencurigai anak menderita mata malas, penanganan dapat segera dilakukan.",https://www.alodokter.com/mata-malas,2025-11-07T06:35:18.473182
Mata Ikan,Unknown,Unknown,591,4230,"Mata ikan atau clavus adalah penebalan kulit akibat tekanan dan gesekan yang terjadi berulang kali. Mata ikan dapat timbul di bagian tubuh mana pun, tetapi paling sering terjadi pada tangan, kaki, dan jari.

Mata ikan biasanya berbentuk bulat dengan ukuran lebih kecil daripada kapalan, memiliki bagian tengah yang keras, dan dikelilingi kulit yang meradang. Selain bentuknya yang dapat mengganggu keindahan kulit, mata ikan juga dapat disertai nyeri, luka, dan infeksi. Namun, kondisi ini umumnya tidak tergolong serius.

Pada dasarnya, mata ikan terjadi ketika kulit mengalami tekanan atau gesekan berulang kali. Mata ikan muncul sebagai reaksi alami tubuh untuk melindungi kulit agar tidak mengalami luka atau kerusakan lain yang dapat terjadi akibat gesekan atau tekanan tersebut.

Berikut ini adalah beberapa hal yang dapat menimbulkan terjadinya tekanan dan gesekan penyebab mata ikan:

Selain akibat tekanan dan gesekan, beberapa faktor lain yang dapat meningkatkan risiko seseorang menderita mata ikan adalah:

Meski dapat terjadi pada semua golongan usia, mata ikan lebih sering terjadi pada orang berusia di atas 65 tahun.

Mata ikan ditandai dengan penebalan, pengerasan, dan penonjolan berbentuk bulat pada kulit. Kulit juga dapat menjadi bersisik atau kering. Mata ikan juga bisa disertai dengan peradangan dan nyeri, terutama ketika ditekan.

Berdasarkan bentuk dan tempat timbulnya, mata ikan dibagi menjadi 3 jenis, yaitu:

Lakukan pemeriksaan ke dokter jika mata ikan tidak kunjung membaik setelah diobati secara mandiri di rumah, terutama jika mata ikan menyebabkan nyeri hebat yang mengganggu aktivitas sehari-hari, serta menimbulkan perdarahan atau peradangan.

Jika Anda memiliki riwayat diabetes, penyakit jantung, atau penyakit arteri perifer, disarankan untuk segera melakukan pemeriksaan ke dokter saat timbul mata ikan. Jangan melakukan pengobatan mandiri di rumah karena luka yang muncul lebih berisiko mengalami infeksi.

Beberapa tanda infeksi kulit yang bisa muncul adalah:

Untuk mendiagnosis mata ikan, dokter akan melakukan tanya jawab terkait keluhan yang dialami, riwayat kesehatan, pekerjaan, serta kegiatan dan kebiasaan pasien sehari-hari.

Setelah itu, dokter akan melihat mata ikan dan area di sekitarnya secara langsung. Biasanya, mata ikan mudah terlihat dan dikenali dari bentuknya. Dokter juga akan menekan pada beberapa bagian mata ikan untuk mengetahui ada tidaknya nyeri.

Guna memastikan penyebabnya, dokter akan memeriksa adanya kelainan lain pada tubuh yang dapat menyebabkan mata ikan, seperti kelainan bentuk jari, masalah pada struktur tulang, dan gaya berjalan pasien.

Jika diperlukan, pemeriksaan penunjang dengan foto Rontgen juga akan dilakukan. Daerah sekitar tempat kulit yang menebal akan diperiksa dengan foto Rontgen untuk melihat perubahan atau kelainan fisik yang bisa mengakibatkan mata ikan.

Jika tidak menyebabkan gejala dan tidak mengganggu kegiatan sehari-hari, mata ikan dapat sembuh dengan sendirinya sehingga tidak perlu dilakukan pengobatan.

Penanganan mata ikan cukup dengan menghindari penyebabnya. Contohnya, jika mata ikan terjadi akibat penggunaan sepatu yang tidak nyaman, disarankan untuk mengganti sepatu dengan yang lebih nyaman. Dengan begitu, mata ikan dapat segera mereda dan tidak bertambah parah.

Selain itu, menggunakan bantalan sepatu khusus yang sesuai dengan kondisi kaki penderita mata ikan juga dapat mengurangi nyeri.

Jika mata ikan menyebabkan rasa tidak nyaman dan nyeri, ada beberapa perawatan yang dapat dilakukan sendiri di rumah untuk mengatasinya, yaitu:

Tindakan medis diperlukan jika mata ikan tidak juga sembuh dengan penanganan mandiri. Mata ikan juga perlu ditangani oleh dokter jika penderita memiliki kondisi lain yang dapat meningkatkan risiko terjadinya infeksi.

Beberapa penanganan yang umumnya dilakukan oleh dokter untuk mengatasi mata ikan adalah:

Mata ikan dapat terus membesar dan lebih sulit sembuh jika tekanan dan gesekan tidak dihilangkan. Pada beberapa penderita, khususnya yang menderita diabetes atau gangguan sistem imun, mata ikan yang tidak ditangani dengan tepat dapat menimbulkan infeksi atau mengalami perdarahan.

Beberapa hal yang dapat dilakukan untuk mencegah terbentuknya mata ikan yaitu:",https://www.alodokter.com/mata-ikan,2025-11-07T06:35:20.825307
Herpes Mata,Unknown,Unknown,405,2959,"Herpes mata atau herpes okular adalah infeksi virus herpes yang menyerang mata. Herpes mata seringkali terjadi karena virus herpes yang tidak aktif menjadi aktif kembali dan menyerang mata.

Pada sebagian besar kasus, herpes mata terjadi pada kelopak mata dan lapisan teratas kornea (lapisan epitel). Jika herpes mata memburuk dan merusak bagian kornea mata yang lebih dalam (lapisan stroma), penderitanya bisa mengalami kebutaan.

Bagi orang yang pernah menderita herpes, HSV tidak hilang sepenuhnya dan berada dalam keadaan tidak aktif (dorman) di dalam tubuh. Pada sebagian orang, virus ini dapat aktif kembali (reaktivasi) dan dapat menyebabkan herpes mata.

Reaktivasi virus herpes simplex biasanya terpicu oleh beberapa faktor berikut:

Selain karena reaktivasi virus, herpes mata juga dapat terjadi ketika seseorang pertama kali terinfeksi virus herpes simplex tipe 1 (HSV-1) atau disebut dengan infeksi primer. Virus ini bisa menyebar ke mata bila penderita memegang ruam herpes yang terbentuk di mulut atau bibir kemudian menyentuh mata.

Pada kasus yang jarang, herpes mata dapat terjadi akibat virus herpes simplex tipe 2 (HSV-2), yaitu penyebab herpes kelamin atau herpes genital. Virus ini dapat menyebabkan herpes mata pada bayi karena ditularkan dari ibu penderita herpes genital saat persalinan normal.

Jika menyerang selaput kornea mata, herpes mata dapat menimbulkan gejala berikut:

Sementara bila kelopak mata terkena herpes mata, gejala yang dapat timbul antara lain:

Segera ke dokter jika mengalami gejala-gejala yang disebutkan di atas agar cepat diobati. Penanganan yang terlambat akan membuat kondisi penderita memburuk dan menyebabkan gangguan penglihatan.

Untuk mendiagnosis herpes mata, dokter akan menanyakan gejala yang dialami, riwayat penyakit yang diderita, dan obat-obatan yang digunakan pasien, dilanjutkan dengan pemeriksaan mata.

Pada pemeriksaan mata, dokter akan menilai kemampuan melihat, kepekaan terhadap cahaya, dan gerakan mata. Pemeriksaan mata ini juga meliputi tes fluorescence untuk melihat apakah ada kerusakan pada kornea.

Selanjutnya, dokter dapat melakukan pemeriksaan penunjang untuk menegakkan diagnosis herpes mata. Beberapa pemeriksaannya adalah:

Sebagai langkah awal pengobatan, dokter akan memberikan obat tetes mata yang mengandung bius lokal. Selanjutnya, dokter akan membersihkan permukaan kornea mata yang terinfeksi menggunakan spons khusus yang steril.

Setelah itu, pengobatan dilanjutkan dengan pemberian obat-obatan, seperti:

Herpes mata yang ditangani sedini mungkin umumnya akan sembuh dalam waktu 1–2 minggu. Perlu diingat, jangan menggunakan lensa kontak selama pengobatan herpes mata.

Herpes mata yang tidak cepat tertangani dapat menimbulkan sejumlah komplikasi berikut:

Selain komplikasi di atas, herpes mata juga bisa kambuh kembali setelah sembuh.

Herpes mata sulit dicegah. Namun, ada beberapa upaya yang dapat dilakukan untuk menurunkan risiko terkena herpes mata, yaitu:",https://www.alodokter.com/herpes-mata,2025-11-07T06:35:23.244664
Kanker Mata,Unknown,Unknown,901,6683,"Kanker mata adalah kondisi ketika sel-sel di organ mata atau jaringan di sekitarnya tumbuh dengan cepat, tidak terkendali, bersifat ganas, dan dapat menyebar ke bagian atau organ tubuh lainnya. Saat tumbuh dan menyebar, sel-sel kanker tersebut dapat merusak sel-sel normal di mata dan sekitarnya.

Kanker mata merupakan penyakit yang jarang terjadi. Namun, kanker mata dapat menyerang tiga bagian utama mata, yaitu bola mata, jaringan yang mengelilingi bola mata (orbita), serta aksesoris mata (alis, kelenjar air mata, dan kelopak mata).

Kanker mata dapat berasal dari sel-sel mata atau dari kanker di organ atau bagian tubuh lain yang menyebar ke bagian mata. Kanker mata yang berasal dari bagian mata disebut kanker mata primer. Sedangkan kanker mata dari kanker di organ lain disebut kanker mata sekunder.

Berdasarkan jaringan asalnya, kanker mata dapat dibagi menjadi beberapa jenis, yaitu:

Melanoma intraokular adalah jenis kanker mata yang paling sering terjadi. Melanoma secara umum berkembang dari sel-sel penghasil zat warna (pigmen) atau melanosit yang terletak di jaringan uvea. Melanoma intraokular paling sering muncul di koroid, tetapi juga bisa timbul di iris mata.

Limfoma intraokular adalah jenis kanker mata yang berasal dari sel-sel di kelenjar getah bening di dalam mata. Limfoma intraokular termasuk ke dalam golongan limfoma non-Hodgkin.

Penderita limfoma intraokular umumnya memiliki penyakit yang melemahkan daya tahan tubuh, seperti HIV/AIDS. Limfoma intraokular juga sering muncul bersamaan dengan limfoma pada sistem saraf pusat yang dinamakan primary central nervous system lymphoma (PCNSL).

Retinoblastoma adalah kanker mata yang umumnya menyerang anak-anak. Kanker mata ini muncul akibat mutasi (perubahan) gen pada retina yang menyebabkan sel-sel retina membelah dengan cepat dan menyebar ke jaringan mata serta bagian tubuh lainnya. Retinoblastoma dapat terjadi pada salah satu atau kedua mata.

Selain ketiga jenis kanker mata di atas yang terjadi pada bola mata, kanker mata juga dapat terjadi pada orbita dan bagian aksesoris mata. Beberapa jenis kanker pada jaringan orbita dan jaringan aksesoris mata yaitu:

Penyebab kanker mata belum diketahui secara pasti. Namun, kondisi ini diduga timbul akibat mutasi gen pada jaringan mata, terutama gen yang mengatur pertumbuhan sel.

Meski belum diketahui penyebabnya, ada faktor-faktor yang dapat meningkatkan risiko terjadinya kanker mata, yaitu:

Beberapa penelitian menduga bahwa paparan cahaya matahari dan paparan lampu ultraviolet maupun karena penggunaan HP juga berkaitan dengan terjadinya kanker mata. Selain itu, beberapa jenis pekerjaan, seperti tukang las, juga diduga dapat meningkatkan risiko seseorang terserang melanoma. Akan tetapi, dugaan-dugaan tersebut perlu diteliti lebih lanjut.

Gejala kanker mata berbeda-beda, tergantung pada jenis kanker yang diderita. Gejala dapat menyerupai gejala dari kondisi atau penyakit mata lain. Terkadang, kanker mata juga bisa saja tidak menimbulkan gejala apa pun pada awalnya.

Namun, secara umum ada beberapa gejala yang dapat menandakan kanker mata, yaitu:

Pada anak yang mengalami retinoblastoma, akan terlihat gambaran seperti mata kucing yang memantulkan cahaya atau bercak putih saat matanya terpapar sinar.

Beberapa gejala kanker mata bersifat tidak spesifik dan dapat menyerupai gejala dari penyakit mata lainnya. Oleh karena itu, lakukan pemeriksaan ke dokter jika mengalami gejala seperti yang telah disebutkan di atas, terutama jika tidak kunjung mereda setelah 2 minggu.

Pemeriksaan rutin ke dokter sangat dianjurkan jika Anda memiliki faktor-faktor yang dapat meningkatkan risiko terkena kanker mata. Pemeriksaan sebaiknya dilakukan setahun sekali agar kanker mata dapat dideteksi sedini mungkin. Makin dini kanker terdeteksi, maka kemungkinan keberhasilan pengobatan akan makin besar.

Dokter akan melakukan tanya jawab terkait keluhan yang dialami pasien, termasuk sejak kapan gejala muncul, apa saja yang dapat memicu atau meredakan gejala, serta riwayat kesehatan pasien secara umum.

Dokter juga akan melakukan pemeriksaan mata dengan bantuan oftalmoskop, lampu celah (slit lamp), dan gonioskopi lensa. Pemeriksaan ini bertujuan untuk mengetahui kemampuan penglihatan mata, pergerakan bola mata, dan kondisi pembuluh darah mata.

Jika hasil pemeriksaan menunjukan adanya kemungkinan kanker mata, dokter akan melakukan beberapa pemeriksaan penunjang guna memastikan diagnosis, yaitu:

Peluang kesembuhan kanker mata tergantung pada ukuran dan lokasi tumor, tingkat keparahan kondisi, dan seberapa cepat pertumbuhan kanker. Pada beberapa kasus, kanker mata juga bisa kambuh setelah pasien menjalani pengobatan dan dinyatakan sembuh.

Pengobatan kanker mata bertujuan untuk mempertahankan fungsi mata, mencegah terjadinya penyebaran sel kanker ke bagian tubuh lain, dan mencegah kekambuhan setelah pengobatan. Beberapa metode yang dapat dilakukan antara lain:

Jenis operasi yang dilakukan tergantung pada lokasi dan ukuran jaringan kanker yang ada. Saat dilakukan operasi, pasien biasanya diberikan bius total. Secara spesifik, jenis-jenis pembedahan yang dapat dilakukan untuk mengobati kanker adalah:

Radioterapi merupakan pengobatan yang dilakukan dengan menembakkan sinar-X berenergi tinggi pada jaringan kanker. Risiko kehilangan atau kerusakan bola mata serta kehilangan penglihatan dapat dikurangi dengan metode pengobatan ini.

Dua jenis radioterapi yang dapat diberikan adalah:

Terapi laser berfungsi untuk menghancurkan jaringan kanker menggunakan sinar inframerah. Salah satu bentuk terapi laser ini adalah operasi pisau gamma (gamma knife surgery).

Terapi laser biasanya digunakan pada pasien melanoma intraokular dan retinoblastoma yang kecil, tetapi tidak dianjurkan pada pasien limfoma intraokular.

Kemoterapi merupakan metode pengobatan kanker mata menggunakan obat-obatan. Kemoterapi dapat disuntikkan ke bagian tubuh tertentu, diberikan melalui infus, atau diminum.

Beberapa obat imunoterapi dan obat terapi target dapat menjadi pilihan pengobatan, terutama jika obat kemoterapi tidak efektif untuk jenis kanker mata yang ditangani. Obat imunoterapi, seperti nivolumab, pembrolizumab, dan ipilimumab, telah terbukti dapat mengatasi melanoma.

Krioterapi adalah metode pengobatan kanker dengan cara membekukan jaringan kanker. Krioterapi dapat diberikan kepada penderita retinoblastoma yang masih berukuran kecil.

Komplikasi yang dapat terjadi akibat kanker mata meliputi:

Kanker mata sulit dicegah, karena tidak semua kanker mata diketahui penyebabnya. Upaya terbaik yang dapat dilakukan adalah dengan menghindari faktor yang dapat meningkatkan risiko terjadinya kondisi ini, antara lain dengan:",https://www.alodokter.com/kanker-mata,2025-11-07T06:35:25.662803
Povidone Tetes Mata,Unknown,Unknown,439,3090,"Povidone tetes mata adalah obat untuk mengatasi gejala mata kering atau iritasi ringan pada mata, seperti mata merah, perih, panas, atau terasa mengganjal. Mata kering bisa terjadi akibat terlalu lama melihat layar komputer maupun gadget, atau terpapar polusi udara, cuaca kering maupun berangin.

Povidone adalah nama lain polyvinylpyrrolidone dalam produk obat mata kering. Bahan ini merupakan air mata buatan yang berfungsi membasahi sekaligus melembapkan permukaan bola mata yang kering, serta menyeimbangkan lapisan air mata alami. Itu sebabnya keluhan mata kering dan iritasi mata bisa mereda setelah memakai obat ini.

Povidone tetes mata juga bisa digunakan sebagai pelumas lensa kontak atau tetes mata softlens. Penggunaan obat tetes ini bertujuan agar softlens tetap lembap sehingga mata tidak kering selama memakai lensa kontak.

Polyvinylpyrrolidone tetes mata tersedia dalam kemasan botol kecil sekali pakai (minidose). Obat mata kering ini tergolong sebagai obat bebas yang bisa diperoleh tanpa perlu ke dokter terlebih dahulu.

Merek dagang povidone tetes mata: Cendo Protagenta.

Sebelum menggunakan povidone tetes mata, penting bagi Anda untuk memperhatikan hal-hal berikut:

Dosis povidone tetes mata yang dianjurkan untuk mengatasi mata kering adalah 1–2 tetes pada mata yang sakit, 4–5 kali sehari.

Sebagai cairan tambahan untuk memasang lensa kontak, berikan 1–2 tetes ke bagian dalam lensa kontak. Setelah lensa kontak terpasang, berikan 1 tetes lagi pada mata, beberapa kali sehari sesuai kebutuhan.

Gunakanlah povidone tetes mata sesuai petunjuk yang tertera pada kemasan, atau ikuti anjuran dokter. Jangan menggunakan povidone tetes mata terlalu banyak atau terlalu sering, tetapi secukupnya saja sesuai aturan pakai.

Berikut adalah cara menggunakan povidone tetes mata yang benar:

Kecil kemungkinan povidone tetes mata berinteraksi dengan obat lain. Namun, penggunaan povidone tetes mata dengan obat mata lain perlu diatur untuk memastikan semua obat bisa bekerja dengan optimal.

Apabila Anda sedang menggunakan obat mata lain, beri jeda 5–10 menit sebelum memakai povidone tetes mata. Jika Anda menggunakan obat tetes dan salep mata, gunakan tetes mata terlebih dahulu.

Bila perlu, konsultasikan dengan dokter jika hendak menggunakan obat mata lain bersama povidone tetes mata.

Jika digunakan sesuai aturan pakai, povidone tetes mata jarang menimbulkan efek samping. Namun, pada beberapa orang, pemakaian obat mata ini bisa menyebabkan penglihatan kabur sementara waktu dan rasa perih pada mata.

Untuk memastikan kondisi Anda dan mendapatkan penanganan awal yang cepat, Anda bisa melakukan konsultasi dengan dokter melalui chat. Jika keluhan atau efek samping tidak juga membaik, segeralah periksakan diri ke dokter agar penyebabnya bisa dipastikan dan diberikan penanganan yang sesuai.

Jangan tunda ke dokter jika Anda mengalami reaksi alergi atau muncul keluhan yang lebih serius, seperti rasa tidak nyaman atau perih pada mata, nyeri di mata, atau masalah penglihatan yang mengganggu, setelah memakai povidone tetes mata.

Lihat lebih lanjut mengenai:",https://www.alodokter.com/povidone-tetes-mata,2025-11-07T06:35:28.037934
Cravit Tetes Mata,Unknown,Unknown,396,2738,"Cravit tetes mata bermanfaat untuk menyembuhkan infeksi bakteri di mata. Cravit tetes mata mengandung antibiotik berupa levofloxacin yang ampuh membasmi bakteri penyebab infeksi mata.

Dalam tiap ml Cravit tetes mata, terkandung 5 mg levofloxacin. Zat aktif ini bekerja dengan menghambat enzim pada inti sel bakteri yang diperlukan untuk hidup dan berkembang biak. Alhasil, bakteri akan mati dan tidak bisa bertambah banyak. Bersamaan dengan itu, infeksi mata dan gejala yang menyertainya juga mereda.

Kondisi infeksi mata yang bisa diobati dengan Cravit tetes mata meliputi:

Cravit tetes mata juga bisa digunakan dalam prosedur operasi mata. Obat ini berguna sebagai antiseptik untuk mencegah terjadinya infeksi mata selama operasi mata.

Cravit tetes mata atau Cravit Ophthalmic Solution merupakan varian dari produk Cravit. Produk ini tersedia dalam kemasan botol isi 5 ml. Cravit tetes mata bisa dibeli dengan resep, baik resep biasa maupun resep digital, yang didapatkan setelah konsultasi online dengan dokter lewat chat.

Berikut ini adalah hal yang perlu diperhatikan sebelum memakai Cravit tetes mata sebagai obat mata kering:

Dosis Cravit tetes mata yang dianjurkan adalah 1 tetes pada mata yang sakit, 3 kali sehari. Dosis dapat diubah sesuai dengan gejala yang dialami pasien.

Gunakanlah Cravit tetes mata sesuai anjuran dokter dan petunjuk yang tertera pada kemasan. Jangan menggunakan Cravit tetes mata terlalu banyak atau terlalu sering, tetapi secukupnya saja sesuai aturan pakai.

Berikut adalah cara menggunakan Cravit Ophthalmic Solution yang benar:

Obat yang diteteskan ke mata, termasuk Cravit tetes mata, jarang menimbulkan efek interaksi dengan obat lain. Namun, tidak tertutup kemungkinan levofloxacin dalam obat mata ini bisa berinteraksi dengan obat atau bahan aktif tertentu.

Agar aman, konsultasikan dengan dokter jika Anda akan menggunakan tetes mata atau salep mata pada mata yang sedang diobati dengan Cravit tetes mata.

Jika Anda sedang menggunakan obat mata lain, beri jeda 5–10 menit sebelum memakai Cravit tetes mata. Jika Anda menggunakan obat tetes dan salep mata, gunakan tetes mata terlebih dahulu.

Cravit tetes mata jarang menimbulkan efek samping jika digunakan sesuai aturan pakai. Namun, pada beberapa orang, pemakaian obat mata yang mengandung levofloxacin bisa menyebabkan efek samping berupa:

Jika efek samping tidak membaik atau makin berat, segeralah periksakan diri ke dokter agar penyebabnya bisa dipastikan dan diberikan penanganan yang sesuai.

Hentikan penggunaan Cravit tetes mata dan segera ke dokter jika muncul keluhan berupa nyeri mata yang parah, atau infeksi baru yang gejalanya berupa mata bengkak, mata merah, atau belekan terus-menerus.

Lihat lebih lanjut mengenai:",https://www.alodokter.com/cravit-tetes-mata,2025-11-07T06:35:30.395331
Tumor Mata,Unknown,Unknown,1253,8992,"Tumor mata adalah benjolan tidak normal yang tumbuh di jaringan mata atau kelopak mata. Tergantung pada jenisnya, tumor mata bisa bersifat jinak atau ganas (kanker). Kondisi ini dapat menimbulkan banyak keluhan, mulai dari mata nyeri, bola mata menonjol, kelopak mata turun, hingga kebutaan.

Tumor mata bisa berasal dari berbagai jaringan mata, mulai dari kulit kelopak mata, kelenjar air mata, konjungtiva, koroid, retina, hingga pembuluh darah pada rongga di belakang mata. Penyebab tumor mata pada umumnya adalah mutasi genetik yang membuat sel-sel pada jaringan mata tumbuh secara tidak terkendali.

Tumor mata bisa terjadi pada siapa saja. Meski begitu, ada hal-hal yang meningkatkan risiko terjadinya kondisi ini, misalnya paparan sinar ultraviolet berlebih. Selain itu, ada juga jenis tumor mata yang lebih banyak menyerang anak-anak. Adapun tingkat kesembuhan tumor mata tergantung pada jenisnya.

Tumor mata terjadi ketika materi genetik di dalam sel mata mengalami perubahan atau mutasi. Perubahan ini menyebabkan sel-sel tersebut tumbuh tidak terkendali. Seperti yang disebutkan sebelumnya, pertumbuhan tumor mata itu sendiri dapat bersifat jinak atau ganas.

Jika bersifat ganas, tumor mata yang tumbuh tidak terkendali bisa merusak jaringan mata yang sehat di sekitarnya. Sebaliknya, tumor yang bersifat jinak biasanya tidak merusak, tetapi bisa menekan jaringan sehat di sekitarnya dan mungkin mengganggu fungsinya.

Selain berasal dari jaringan mata itu sendiri, tumor mata ganas juga bisa terjadi akibat penyebaran kanker dari organ tubuh lain (metastasis). Kanker yang biasanya menyebar ke mata adalah kanker payudara, paru-paru, usus, atau prostat.

Berikut ini adalah penjelasan dari masing-masing jenis tumor mata:

Berikut ini adalah beberapa jenis tumor mata jinak dan penyebab yang mendasarinya:

Choroidal hemangioma adalah tumor mata jinak yang paling umum terjadi pada orang dewasa. Tumor ini tumbuh dari pembuluh darah di lapisan koroid, yaitu lapisan dinding mata yang mengandung banyak pembuluh darah.

Tahi lalat mata terjadi ketika melanosit, yaitu sel yang memberi warna pada mata, tumbuh dalam jumlah banyak dan berkumpul. Tumor ini dapat disebabkan oleh kelainan genetik yang diturunkan dari orang tua, atau akibat sering terpapar sinar ultraviolet (UV) matahari.

Tahi lalat mata bisa tumbuh di lapisan koroid mata, bagian berwarna mata (iris), atau lapisan terluar mata (konjungtiva).

Cavernous hemangioma merupakan tumor jinak yang tumbuh dari pembuluh darah pada rongga di belakang mata. Kondisi ini dianggap sebagai bawaan lahir. Tumor jinak ini tidak berbahaya, tetapi bisa mendorong bola mata dan membuat mata terlihat seperti melotot (proptosis).

Pinguecula dan pterygium merupakan tumor mata jinak yang sama-sama tumbuh pada konjungtiva. Bedanya, pertumbuhan pinguecula hanya terbatas pada area konjungtiva, sedangkan pterygium bisa meluas dan menutupi kornea mata.

Pinguecula dan pterygium dapat disebabkan oleh paparan sinar UV dari matahari dalam jangka panjang, atau iritasi akibat debu dan angin.

Tumor mata juga bisa bersifat ganas, seperti yang dijelaskan berikut:

Melanoma intraokular (kanker mata melanoma) bermula di sel-sel yang menghasilkan warna pada mata. Tumor mata ganas ini biasanya terjadi pada bagian mata yang tidak bisa dilihat secara langsung sehingga terkadang sulit terdeteksi. Namun, melanoma intraokular juga bisa tumbuh pada lapisan terluar mata (konjungtiva).

Limfoma intraokular adalah jenis tumor mata ganas pada sistem getah bening di mata. Pada kondisi ini, sel darah putih di sistem getah bening mata tumbuh secara tidak terkendali dan tidak bekerja dengan optimal. Limfoma intraokular termasuk ke dalam jenis limfoma non-Hodgkin.

Retinoblastoma terjadi akibat mutasi gen pada sel retina yang membuatnya membelah dengan cepat dan menyebar ke jaringan mata atau bagian tubuh lainnya. Tumor mata ganas ini umumnya menyerang anak usia di bawah 5 tahun.

Penyebab perubahan gen pada retina tersebut belum diketahui secara pasti, tetapi kondisi ini diduga diturunkan dari orang tua. Retinoblastoma bisa terjadi pada salah satu atau kedua mata.

Karsinoma pada kelopak mata terjadi ketika sel-sel pada kulit atau kelenjar kelopak mata tumbuh secara tidak terkendali. Jenis karsinoma yang terjadi bisa karsinoma sel basal maupun karsinoma sel skuamosa.

Belum diketahui secara pasti penyebab sel-sel tersebut tumbuh secara berlebihan. Namun, karsinoma pada kelopak mata diduga terjadi karena paparan sinar UV yang terlalu sering, baik dari matahari atau mesin penggelap kulit (tanning bed).

Karsinoma kelenjar air mata (lakrimal) adalah tumor mata ganas yang berasal dari kelenjar penghasil air mata. Kondisi ini terjadi karena sel-sel pada kelenjar tersebut membelah secara tidak normal.

Tumor kelenjar lakrimal lebih berisiko terjadi pada orang dewasa usia 30–40 tahun atau yang pernah menderita kanker limfoma.

Ada faktor-faktor yang diduga dapat meningkatkan risiko terjadinya tumor mata, yaitu:

Tumor mata tidak selalu bergejala. Jika muncul gejala, penderita dapat mengalami keluhan-keluhan berikut:

Sementara itu, tumor mata yang bersifat ganas dapat menimbulkan gejala berikut:

Beberapa gejala tumor mata bisa mirip dengan gangguan kesehatan lain. Oleh karena itu, konsultasikan dengan dokter jika mengalami keluhan-keluhan yang disebutkan di atas. Dengan begitu, dokter dapat mencari tahu penyebab dari gejala tersebut dan memberikan pengobatan yang sesuai.

Melanoma intraokular sering terdeteksi pada pemeriksaan mata rutin. Jika terdapat faktor risiko terkena tumor mata ini, dokter mungkin akan menyarankan pasien untuk menjalani tes mata rutin setiap 1 tahun sekali.

Diagnosis tumor mata dimulai dengan tanya jawab mengenai kondisi pasien. Dokter akan menanyakan kepada pasien tentang:

Selanjutnya, dokter akan melakukan pemeriksaan fisik pada mata untuk mengamati kondisi bagian luar maupun dalam mata. Pemeriksaan ini biasanya dilakukan menggunakan slit lamp. Selain itu, dokter juga mungkin akan melakukan tes lainnya, seperti tes ketajaman penglihatan, tonometri, atau tes lapang pandang.

Untuk menetapkan diagnosis, dokter akan melakukan pemeriksaan lanjutan di bawah ini:

Pemeriksaan di atas juga digunakan untuk membedakan tumor yang jinak dan yang ganas.

Penanganan tumor mata akan disesuaikan dengan kondisi pasien, serta jenis dan ukuran tumor yang tumbuh. Pada beberapa kasus tumor mata jinak, ukuran tumor sangat kecil atau pertumbuhannya sangat lambat, sehingga pengobatan mungkin malah lebih berisiko mengganggu penglihatan pasien.

Pada kasus seperti ini, penanganan akan ditunda hingga tumor bertambah besar atau menimbulkan gejala baru. Namun, jika tumor berukuran kecil dan harus segera ditangani, dokter dapat membuang tumor dengan laser atau cryosurgery.

Sementara itu, pada tumor paru ganas, beberapa metode pengobatan yang dapat dilakukan dokter adalah:

Pengobatan yang paling umum dilakukan untuk tumor mata ganas adalah radioterapi. Metode ini dapat dilakukan dengan mengarahkan sinar radiasi secara langsung atau menanam alat khusus yang bisa melepaskan sinar radiasi ke sel kanker (brakiterapi) sehingga sel-sel kanker akan mati.

Operasi dapat dilakukan untuk mengatasi tumor mata ganas yang belum menyebar ke bagian luar bola mata. Tindakan bedah ini biasanya digunakan untuk mengangkat sel kanker jenis melanoma yang berukuran kecil atau berada di lapisan dinding mata.

Jika tumor mata ganas menyebabkan kerusakan parah atau berukuran besar, dokter dapat melakukan operasi pengangkatan bola mata. Setelah itu, pasien akan mendapatkan bola mata buatan, yang juga bisa bergerak seperti bola mata asli.

Terapi laser dilakukan dengan mengarahkan sinar infra merah untuk menghancurkan sel-sel tumor mata ganas. Prosedur ini bisa dijalankan sebagai pengobatan tunggal, tetapi bisa juga dilakukan setelah terapi radiasi untuk mencegah kanker mata tumbuh kembali.

Imunoterapi merupakan metode pengobatan tumor mata ganas dengan pemberian obat-obatan yang dapat merangsang sistem kekebalan tubuh untuk mengenali dan membasmi sel-sel kanker. Imunoterapi biasanya digunakan untuk menangani melanoma intraokular.

Terapi ini dilakukan dengan memberikan obat-obat khusus yang langsung menargetkan protein dalam tumor mata ganas. Contoh obat terapi target yang bisa diberikan kepada pasien adalah vemurafenib.

Kemoterapi jarang dilakukan untuk mengobati tumor mata ganas. Namun, terapi ini bisa dilakukan jika metode pengobatan lain tidak efektif menangani kanker mata atau sel-sel kanker sudah menyebar ke bagian tubuh yang lain.

Tumor mata yang bersifat jinak maupun ganas bisa menyebabkan glaukoma dan hilang penglihatan (buta). Tidak hanya itu, tumor mata ganas yang memburuk juga dapat mengakibatkan sejumlah komplikasi berikut:

Tumor mata sulit dicegah karena tidak semua penyebabnya diketahui secara pasti. Upaya terbaik yang bisa dilakukan adalah dengan menjalani pola hidup sehat dan menghindari faktor risiko tumor ini. Cara yang bisa dilakukan antara lain:",https://www.alodokter.com/tumor-mata,2025-11-07T06:35:32.790592
Mata Lelah,Unknown,Unknown,386,2690,"Mata lelah bisa terjadi akibat otot mata bekerja terlalu keras karena digunakan terus-menerus. Mata lelah bisa menimbulkan keluhan seperti mata nyeri, gatal, dan berair. Kondisi ini dapat terjadi pada siapa saja, tetapi lebih sering dialami oleh orang yang bekerja dengan menggunakan gawai dalam waktu lama.

Mata lelah umumnya tidak berbahaya dan akan hilang setelah mata diistirahatkan. Sebaliknya, bila dipaksakan untuk terus bekerja, mata lelah bisa menyebabkan keluhan lain, seperti pusing, sakit kepala, dan sulit fokus. Hal ini bisa mengganggu produktivitas dalam bekerja atau belajar.

Mata lelah bisa diatasi dengan memperbaiki kebiasaan saat bekerja atau belajar. Hal ini dapat dilakukan dengan cara yang sederhana dan mudah, tetapi efektif dan bisa mencegah mata lelah berulang dalam jangka panjang.

Mata lelah terjadi ketika otot siliaris di mata bekerja terlalu keras. Otot siliaris adalah otot yang mengatur gerakan lensa mata sehingga mata bisa fokus pada objek yang sedang dilihat.

Selain itu, mata lelah juga bisa terjadi bila otot yang menggerakkan bola mata terlalu banyak bekerja. Mata lelah seperti ini biasanya terjadi akibat terlalu banyak bermain video games.

Ada beberapa hal yang dapat menyebabkan mata lelah dan membuat otot siliaris bekerja terlalu keras, yaitu:

Selain itu, ada pula faktor lain yang bisa meningkatkan risiko seseorang terserang mata lelah, misalnya:

Mata lelah memiliki gejala yang beragam, mulai dari yang ringan hingga berat. Gejala yang bisa muncul akibat mata lelah antara lain:

Tidak hanya itu, gejala mata lelah bisa juga muncul di bagian tubuh selain mata. Gejala tersebut di antaranya:

Pada umumnya, mata lelah dapat ditangani dengan perawatan mandiri. Namun, Anda perlu melakukan pemeriksaan ke dokter bila:

Untuk mendiagnosis mata lelah, dokter akan melakukan tanya jawab seputar gejala yang dialami, kapan gejala mulai muncul, serta kegiatan Anda sehari-hari yang bisa memicu munculnya gejala mata lelah.

Dokter juga akan melakukan pemeriksaan mata secara langsung untuk memastikan ada atau tidaknya gangguan pada struktur mata bagian dalam. Pemeriksaan yang mungkin dilakukan antara lain:

Pada umumnya, mata lelah bisa diatasi dengan perawatan mandiri. Berikut adalah tips-tips perawatan mandiri yang bisa Anda lakukan untuk mengatasi mata lelah:

Mata lelah yang terjadi secara terus-menerus bisa menyebabkan komplikasi berupa sindrom mata kering. Selain itu, mata lelah yang tidak ditangani dengan tepat dapat menimbulkan keluhan berupa pusing, mudah lelah, dan sulit fokus. Akibatnya, produktivitas Anda dalam belajar maupun bekerja bisa menurun.

Untuk mencegah mata lelah, Anda bisa melakukan upaya-upaya berikut ini:",https://www.alodokter.com/mata-lelah,2025-11-07T06:35:35.145534
Bimatoprost Tetes Mata,Unknown,Unknown,448,3208,"Bimatoprost tetes mata adalah obat untuk mengatasi penyakit glaukoma sudut terbuka dan menurunkan tekanan berlebihan di dalam mata (hipertensi okular). Obat ini tersedia dalam bentuk tetes mata dan hanya bisa digunakan atas seizin dokter.

Bimatoprost tetes mata merupakan obat antiglaukoma yang bekerja dengan cara meningkatkan aliran cairan di dalam mata ke aliran darah sehingga cairan tidak menumpuk di dalam mata. Dengan begitu, tekanan di dalam mata terkendali dalam batas normal.

Peningkatan tekanan dalam mata bisa menyebabkan penekanan pada saraf mata. Jika dibiarkan, tekanan berlebih ini bisa meningkatkan risiko terjadinya glaukoma yang dapat berujung pada kebutaan.

Bimatoprost juga dapat digunakan sebagai obat luar (topikal) untuk bulu mata. Bimatoprost topikal dapat membantu menebalkan dan memanjangkan bulu mata untuk orang yang mengalami hipotrikosis atau kelainan pertumbuhan rambut.

Merek dagang bimatoprost tetes mata: Lumigan

Bimatoprost tetes mata tidak boleh digunakan secara sembarangan. Ada beberapa hal yang perlu diperhatikan sebelum menggunakan obat ini, yaitu:

Dosis dan aturan pakai bimatoprost tetes mata akan ditentukan oleh dokter berdasarkan kondisi pasien. Dosis bimatoprost tetes mata untuk mengatasi glaukoma sudut terbuka atau hipertensi okular pada dewasa adalah 1 tetes per hari pada mata yang mengalami gangguan. Dosis diberikan pada malam hari sebelum tidur.

Ikuti anjuran dokter dan baca petunjuk pada kemasan sebelum menggunakan bimatoprost tetes mata. Jangan menambah atau mengurangi dosis tanpa persetujuan dokter.

Sebelum memakai bimatoprost tetes mata, cuci tangan dengan sabun hingga bersih. Jika Anda mengenakan lensa kontak, lepaskan terlebih dahulu sebelum menggunakan obat ini. Lensa kontak bisa dipakai kembali 15 menit setelah memakai obat.

Buka tutup botol obat, lalu dongakkan kepala. Setelah itu, tarik perlahan salah satu kelopak mata bagian bawah dan teteskan obat ke dalamnya. Jangan menggunakan lebih dari 1 tetes, karena bisa meningkatkan risiko terjadinya efek samping.

Setelah itu, tutup mata 1–2 menit dan tekan ujung mata sisi hidung dengan jari secara perlahan agar cairan obat tidak cepat mengering.

Bimatoprost tetes mata dapat menyebabkan mata lebih sensitif terhadap cahaya, termasuk cahaya matahari. Oleh karena itu, gunakan kacamata hitam saat beraktivitas di luar ruangan pada siang hari.

Jika Anda lupa menggunakan bimatoprost tetes mata kurang dari 2 jam dari jadwal seharusnya, segera gunakan obat tetes mata ini. Namun, jika sudah lebih dari 2 jam, abaikan dosis yang terlewat dan jangan menggandakan dosis pada malam berikutnya.

Simpan bimatoprost tetes mata di tempat bersuhu ruangan, kering, dan terhindar dari sinar matahari langsung, serta jauhkan dari jangkauan anak-anak.

Penggunaan bimatoprost tetes mata bersama obat-obatan tertentu dapat menimbulkan interaksi obat, seperti:

Beberapa efek samping yang mungkin terjadi setelah menggunakan bimatoprost tetes mata adalah:

Periksakan diri ke dokter jika efek samping tersebut tidak kunjung membaik atau malah memburuk. Segera cari pertolongan medis jika terjadi reaksi alergi obat atau efek samping yang lebih serius, seperti:

Lihat lebih lanjut mengenai:",https://www.alodokter.com/bimatoprost-tetes-mata,2025-11-07T06:35:37.771160
Phenylephrine Tetes Mata,Unknown,Unknown,396,2995,"Phenylephrine tetes mata adalah obat untuk mengatasi keluhan mata merah akibat iritasi ringan, misalnya saat kelilipan debu atau angin. Obat ini juga digunakan untuk memperbesar pupil selama pemeriksaan mata atau operasi mata.

Phenyleprine sediaan tetes mata bekerja mengecilkan pembuluh darah di bola mata saat terjadi iritasi. Dengan begitu, kemerahan dan perih pada mata berangsur hilang. Obat tetes mata ini biasanya dikombinasikan dengan obat lain yang bisa mengatasi mata merah karena alergi atau iritasi.

Phenylephrine tetes mata juga dapat melebarkan pupil sehingga dokter bisa lebih mudah melakukan pemeriksaan atau operasi pada mata. Pemberian obat mata ini dilakukan menjelang operasi maupun pemeriksaan mata.

Kegunaan lain dari phenylephrine tetes mata adalah untuk mencegah terjadinya sinekia posterior akibat uveitis anterior maupun setelah iridektomi. Sinekia posterior adalah peradangan yang menyebabkan iris menempel pada lensa mata.

Merek dagang phenylephrine tetes mata: Augentonic, Cendo Efrisel, Cendo Statrol, Conal, Lefrina, Nelymix, Optohist, Polifrisin, Zinc Prima

Ada beberapa hal yang perlu diperhatikan sebelum menggunakan phenylephrine tetes mata, yaitu:

Phenylephrine tetes mata terdiri dari sediaan 0,12%, 2,5%, dan 10%. Berikut adalah dosis umum phenylephrine tetes mata berdasarkan tujuan penggunaannya:

Tujuan: Mengatasi mata merah karena iritasi mata ringan

Tujuan: Persiapan sebelum pemeriksaan mata atau oftalmoskopi

Tujuan: Persiapan sebelum operasi mata

Tujuan: Mencegah terjadinya sinekia posterior akibat uveitis anterior

Tujuan: Mencegah terjadinya sinekia posterior setelah iridektomi

Ikuti anjuran dokter dan baca informasi pada kemasan obat sebelum menggunakan phenylephrine tetes mata. Jangan memakai obat ini terlalu banyak atau terlalu sering, tetapi secukupnya sesuai arahan dokter.

Berikut adalah cara menggunakan obat tetes mata phenylephrine yang benar:

Pemberian phenylephrine tetes mata pada prosedur pemeriksaan atau operasi mata dilakukan oleh dokter mata atau petugas medis dirumah sakit. Dokter atau petugas medis akan meneteskan phenylephrine ke dalam mata pasien, 15–120 menit sebelum pemeriksaan mata, atau 30–60 menit sebelum operasi mata.

Ikuti instruksi dokter selama menggunakan phenylephrine tetes mata untuk pemeriksaan mata maupun operasi mata.

Penggunaan phenylephrine tetes mata bersama obat antidepresan monoamine oxidase inhibitors (MAOI) dapat meningkatkan risiko efek samping dari obat mata ini. Obat yang termasuk dalam kelompok MAOI meliputi isocarboxazid, phenelzine, dan selegiline.

Untuk menghindari interaksi yang tidak diinginkan, pastikan untuk memberi tahu dokter jika akan menggunakan obat lain bersama phenylephrine tetes mata.

Efek samping yang mungkin terjadi akibat pemakaian phenylephrine tetes mata adalah:

Beri tahu dokter jika efek samping tersebut tidak kunjung reda atau malah memberat. Segera cari pertolongan medis jika mengalami alergi obat, atau efek samping serius berikut ini:",https://www.alodokter.com/phenylephrine-tetes-mata,2025-11-07T06:35:40.254863
Betametason Tetes Mata,Unknown,Unknown,460,3293,"Betametason tetes mata adalah obat untuk meredakan gejala alergi dan peradangan di mata. Betametason tetes mata hanya boleh digunakan berdasarkan resep dokter.

Betametason adalah kortikosteroid yang bekerja dengan menghambat pembentukan senyawa pemicu radang dan alergi, seperti prostaglandin atau histamin. Dengan cara kerja ini, betametason tetes mata dapat meredakan gejala mata bengkak, merah, dan perih akibat peradangan maupun alergi.

Merek dagang betametason tetes mata: Betam-Opthal, Gentason B, Vosama

Beberapa hal yang harus diperhatikan sebelum menggunakan betametason tetes mata adalah:

Dosis betametason tetes mata untuk mengatasi radang mata pada orang dewasa dan anak-anak adalah 1–2 tetes, yang diberikan setiap 1–2 jam pada mata yang membutuhkan. Dosis dapat dikurangi jika kondisi sudah membaik.

Pengobatan umumnya dilakukan dalam jangka pendek. Jika dalam waktu 7 hari kondisi pasien tidak juga membaik, hentikan pengobatan dan periksakan diri ke dokter.

Selalu ikuti anjuran dokter dan baca petunjuk pada kemasan sebelum menggunakan betametason tetes mata. Jangan menambah atau mengurangi dosis tanpa seizin dokter.

Cuci bersih kedua tangan Anda sebelum menggunakan obat ini. Buka tutup obat, kemudian dongakkan kepala. Setelah itu, tarik kelopak mata bagian bawah secara perlahan dan teteskan obat ke dalamnya.

Tutup mata selama 1–2 menit sambil menekan bagian ujung mata di sisi hidung secara perlahan agar obat tidak mengalir ke hidung. Ulangi langkah tersebut pada mata yang lain jika perlu.

Jangan lupa untuk menutup kembali botol obat setelah selesai digunakan. Perlu diingat bahwa kebersihan ujung alat tetes mata harus dijaga. Jangan sampai ujung botol terkena benda lain agar tidak terkontaminasi.

Jika lupa menggunakan obat ini, segera teteskan begitu teringat. Namun, bila sudah dekat dengan jadwal berikutnya, abaikan dan jangan menggandakan dosis selanjutnya.

Jika Anda menggunakan obat tetes atau salep mata lain, beri jeda 5–10 menit sebelum atau setelah menggunakan betametason tetes mata.

Meski umumnya digunakan dalam jangka pendek, betametason tetes mata mungkin diresepkan untuk beberapa minggu pada kondisi tertentu. Jika Anda menggunakan obat ini dalam jangka panjang, lakukan kontrol sesuai anjuran dokter agar kondisi Anda dan efek pengobatan bisa terpantau.

Simpan betametason tetes mata di tempat bersuhu ruangan, kering, dan terhindar dari sinar matahari langsung. Jauhkan kemasan dari jangkauan anak-anak. Betametason tetes mata tidak boleh digunakan lebih dari 28 hari setelah kemasan obat dibuka.

Ada beberapa obat yang bisa meningkatkan risiko terjadinya efek samping dari betametason, yaitu:

Meski demikian, kemungkinan terjadinya interaksi antara obat di atas dengan betametason tetes mata sangat kecil, karena betametason tetes mata hanya terserap sedikit ke dalam darah.

Beberapa efek samping yang bisa muncul setelah menggunakan betametason tetes mata adalah:

Efek samping di atas biasanya hanya terjadi selama beberapa menit setelah pemakaian obat. Konsultasikan ke dokter jika efek samping tidak kunjung mereda atau malah makin parah.

Segera hentikan pemakaian betametason tetes mata dan periksakan diri ke dokter jika Anda mengalami reaksi alergi obat atau efek samping serius, seperti:

Lihat lebih lanjut mengenai:",https://www.alodokter.com/betametason-tetes-mata,2025-11-07T06:35:42.630396
Erlamycetin Tetes Mata,Unknown,Unknown,346,2583,"Erlamycetin tetes mata bermanfaat untuk mengatasi infeksi bakteri di mata, seperti konjungtivitis bakterial. Obat tetes mata yang memiliki kandungan bahan aktif chloramphenicol ini hanya bisa diperoleh setelah berkonsultasi dengan dokter.

Kandungan chloramphenicol di dalam Erlamycetin tetes mata bekerja menghambat pembentukan protein yang dibutuhkan bakteri untuk berkembang biak dan bertahan hidup. Dengan begitu, pertumbuhan bakteri akan berhenti hingga akhirnya mati.

Untuk mengobati infeksi di mata, Erlamycetin tetes mata dapat digunakan sebagai obat tunggal atau dikombinasikan dengan obat antibiotik minum. Perlu diingat bahwa Erlamycetin tidak bisa digunakan untuk menangani infeksi mata yang disebabkan oleh jamur atau virus. Selain dalam bentuk tetes mata, Erlamycetin juga tersedia dalam bentuk salep mata untuk mengatasi infeksi mata yang lebih berat.

Erlamycetin tetes mata tidak boleh digunakan sembarangan. Ada beberapa hal yang perlu diperhatikan sebelum menggunakan obat ini, yaitu:

Dosis umum penggunaan Erlamycetin tetes mata berdasarkan usia pasien adalah:

Gunakan Erlamycetin tetes mata sesuai anjuran dokter atau aturan pakai yang terdapat pada kemasan. Jangan memakai obat ini melebihi dosis yang dianjurkan.

Berikut ini adalah cara menggunakan Erlamycetin tetes mata dengan benar:

Belum diketahui apakah penggunaan Erlamycetin tetes mata bersama obat-obatan tertentu dapat menyebabkan interaksi. Namun, obat ini sebaiknya tidak digunakan jika Anda sedang menjalani pengobatan yang dapat menyebabkan penurunan fungsi sumsum tulang dan kelainan darah, seperti kemoterapi.

Untuk menghindari interaksi antarobat yang tidak diinginkan, beri tahu dokter semua obat, produk herbal, atau suplemen yang sedang Anda gunakan.

Jika Anda sedang menggunakan obat mata lain, beri jeda 5–10 menit sebelum memakai obat tersebut. Bila Anda sedang menggunakan obat tetes dan salep mata, pakailah obat tetes mata terlebih dahulu.

Beberapa efek samping yang bisa muncul setelah menggunakan Erlamycetin tetes mata dengan kandungan chloramphenicol adalah:

Hubungi dokter jika efek samping tersebut tidak kunjung mereda atau justru memburuk. Segera cari pertolongan medis bila Anda mengalami reaksi alergi obat setelah menggunakan Erlamycetin tetes mata.

Penggunaan Erlamycetin tetes mata dalam jangka panjang berisiko menyebabkan efek samping pada sumsum tulang yang berfungsi menghasilkan sel darah. Hentikan penggunaan obat dan periksakan diri ke dokter jika Anda merasa mudah lelah atau mengalami memar dan perdarahan yang tidak wajar.

Lihat lebih lanjut mengenai:",https://www.alodokter.com/erlamycetin-tetes-mata,2025-11-07T06:35:45.047591
Erlamycetin Salep Mata,Unknown,Unknown,320,2348,"Erlamycetin salep mata adalah antibiotik yang digunakan untuk menangani infeksi bakteri di mata (konjungtivitis bakterial) beserta keluhannya, seperti mata merah, gatal, belekan, hingga sensitif terhadap cahaya. Obat ini bisa diperoleh setelah berkonsultasi dengan dokter.

Erlamycetin salep mata terbuat dari bahan aktif chloramphenicol. Obat ini bekerja mengganggu pembentukan protein yang dibutuhkan bakteri untuk berkembang biak dan bertahan hidup. Dengan begitu, bakteri akan berhenti tumbuh dan akhirnya mati.

Erlamycetin salep mata memiliki fungsi yang sama dengan Erlamycetin tetes mata. Namun, Erlamycetin salep mata biasanya digunakan untuk infeksi yang lebih berat. Hal ini karena salep bisa bertahan lebih lama di mata. Obat salep mata ini bisa digunakan oleh dewasa maupun anak-anak di atas 2 tahun.

Erlamycetin salep mata tidak boleh digunakan secara sembarangan. Sebelum memakai obat ini, perhatikan beberapa hal berikut:

Dosis umum penggunaan Erlamycetin salep mata adalah sebagai berikut:

Pastikan untuk membaca petunjuk pada kemasan obat dan mengikuti anjuran dokter dalam menggunakan Erlamycetin salep mata. Jangan memakai obat ini melebihi dosis yang dianjurkan.

Agar hasil pengobatan maksimal, perhatikan hal-hal berikut ini dalam menggunakan Erlamycetin salep mata:

Chloramphenicol di dalam Erlamycetin salep mata belum diketahui apakah dapat menyebabkan efek interaksi jika digunakan bersama obat lain. Namun, Erlamycetin salep mata sebaiknya tidak digunakan jika Anda sedang dalam terapi yang dapat menyebabkan penurunan fungsi sumsum tulang, seperti kemoterapi.

Untuk mencegah efek interaksi yang tidak diinginkan, konsultasikan dengan dokter sebelum menggunakan Erlamycetin salep mata bersama obat lain.

Jika Anda sedang menggunakan obat mata lain, berikan jeda 5–10 menit sebelum memakai obat lainnya. Bila Anda sedang menggunakan obat tetes dan salep mata, pakailah obat tetes mata terlebih dahulu.

Beberapa efek samping yang bisa muncul akibat penggunaan chloramphenicol di dalam Erlamycetin salep mata adalah:

Konsultasikan ke dokter jika efek samping di atas tidak kunjung mereda atau justru memburuk. Segera cari pertolongan medis jika mengalami reaksi alergi obat atau efek samping yang serius, seperti memar atau perdarahan yang tidak biasa maupun tubuh terasa sangat lemas.

Lihat lebih lanjut mengenai:",https://www.alodokter.com/erlamycetin-salep-mata,2025-11-07T06:35:47.461879
Atropin Tetes Mata,Unknown,Unknown,334,2445,"Atropin tetes mata adalah obat yang digunakan untuk melebarkan pupil mata sebelum pemeriksaan mata. Obat ini juga bisa dimanfaatkan untuk mengatasi nyeri mata akibat penyakit mata, seperti iritis atau uveitis.

Atropin tetes mata termasuk dalam golongan obat antikolinergik. Obat ini bekerja menghambat asetilkolin, yaitu zat kimia penghantar sinyal antara sel-sel saraf. Cara kerja tersebut membuat otot yang mengatur pupil di mata melemas sehingga pupil pun melebar.

Otot pupil akan bergerak membesar dan mengecil mengikuti cahaya. Pada iritis atau uveitis, otot ini mengalami peradangan sehingga dapat menyebabkan nyeri setiap ia bergerak. Dengan mengendurkan otot pupil, obat ini dapat mengurangi nyeri dan mendukung pemulihan otot dari peradangan.

Merek dagang atropin tetes mata: Cendo Tropin 1%

Sebelum menggunakan atropin tetes mata, Anda perlu memperhatikan beberapa hal berikut:

Berikut ini adalah dosis umum penggunaan atropin tetes mata berdasarkan tujuan pengobatan dan usia pasien:

Tujuan: Melebarkan pupil sebelum pemeriksaan mata

Tujuan: Mengatasi iritis (peradangan pada iris) dan uveitis

Ikuti anjuran dokter dan baca informasi yang tertera pada label kemasan obat sebelum menggunakan atropin tetes mata.

Agar mendapat manfaat maksimalnya, perhatikan cara menggunakan atropin tetes mata dengan benar seperti dijelaskan berikut ini:

Jika Anda akan menggunakan obat ini di rumah sakit, sebaiknya bawa pendamping untuk menemani Anda saat pulang. Bawa pula kacamata hitam dari rumah untuk digunakan setelah pemeriksaan selesai.

Atropin tetes mata dapat menimbulkan efek interaksi jika digunakan dengan obat golongan MAOI, seperti isocarboxazid atau selegiline. Pengunaan obat tersebut secara bersamaan dapat meningkatkan risiko terjadinya krisis hipertensi.

Untuk mencegah terjadinya efek interaksi yang tidak diinginkan, konsultasikan dengan dokter terkait penggunaan atropin tetes mata bersama obat-obat lain.

Jika Anda akan menggunakan obat tetes mata lain, tunggu setidaknya 10 menit setelah memakai atropin tetes mata. Jika Anda juga menggunakan salep mata, dahulukan pemakaian obat tetes mata.

Sejumlah efek samping yang dapat terjadi setelah menggunakan obat ini meliputi:

Periksakan diri ke dokter jika keluhan tersebut tidak kunjung membaik atau justru bertambah parah. Segera cari pertolongan medis jika Anda mengalami reaksi alergi obat atau efek samping yang serius, seperti:

Lihat lebih lanjut mengenai:",https://www.alodokter.com/atropin-tetes-mata,2025-11-07T06:35:49.875227
Tetracaine Tetes Mata,Unknown,Unknown,289,2047,"Tetracaine tetes mata adalah obat untuk menghilangkan sakit pada mata. Obat yang termasuk obat bius lokal ini hanya dapat digunakan di bawah pengawasan dokter.

Tetracaine tetes mata termasuk obat anestesi lokal. Obat ini bekerja dengan cara memblokir hantaran impuls pada saraf optik. Cara kerja ini dapat mencegah timbulnya rasa sakit pada mata untuk sementara.

Tetracaine tetes mata biasanya digunakan untuk mengurangi rasa sakit pada mata sebelum menjalani tindakan medis tertentu, seperti operasi mata atau prosedur pengangkatan katarak. Obat ini juga dapat digunakan untuk mengobati nyeri mata akibat cedera pada kornea.

Merek dagang tetracaine tetes mata: Pantocain, Tetracaine HCL, Ximex Tetrium 0.5%

Sebagai obat resep, tetracaine tetes mata tidak boleh digunakan sembarangan. Penting bagi Anda untuk memperhatikan berbagai hal berikut sebelum menggunakan obat ini:

Berikut ini adalah dosis tetracaine tetes mata untuk menghilangkan sakit pada mata yang bersifat sementara berdasarkan kondisi yang ingin ditangani:

Tetracaine tetes mata hanya diberikan oleh dokter atau tenaga kesehatan di bawah pengawasan dokter sebelum Anda menjalani prosedur medis di rumah sakit. Meski begitu, Anda tetap perlu melakukan beberapa hal berikut setelah dokter memberikan obat ini:

Interaksi antara tetracaine tetes mata dengan obat lain sangat jarang terjadi. Namun, tidak tertutup kemungkinan bahwa obat ini dapat berinteraksi dengan obat atau bahan aktif tertentu.

Agar aman, konsultasikan terlebih dahulu dengan dokter jika Anda akan menggunakan obat lain setelah diberikan tetracaine tetes mata. Jika Anda hendak menggunakan obat mata tetes mata atau salep mata lain, tunggu setidaknya 5–10 menit sebelum memakai obat tersebut.

Tetracaine tetes mata jarang menyebabkan efek samping. Namun, beberapa orang terkadang dapat mengalami efek samping berikut:

Periksakan diri ke dokter jika keluhan di atas tidak kunjung mereda atau malah memburuk. Segera laporkan ke dokter jika mengalami reaksi alergi obat atau efek samping serius di bawah ini:",https://www.alodokter.com/tetracaine-tetes-mata,2025-11-07T06:35:52.218286
Baquinor Tetes Mata,Unknown,Unknown,301,2148,"Baquinor Tetes Mata bermanfaat untuk mengatasi infeksi bakteri di mata, seperti konjungtivitis dan ulkus kornea. Obat tetes mata dengan bahan aktif ciprofloxacin ini hanya bisa diperoleh setelah berkonsultasi dengan dokter.

Kandungan ciprofloxacin dalam Baquinor Tetes Mata termasuk dalam golongan antibiotik jenis quinolone. Obat ini bekerja dengan membunuh dan menghentikan pertumbuhan bakteri penyebab infeksi.

Baquinor Tetes Mata mengandung 3 mg ciprofloxacin pada tiap 1 ml-nya. Perlu diketahui bahwa obat tetes mata ini tidak bisa digunakan untuk mengatasi infeksi mata yang disebabkan oleh virus atau jamur.

Berikut ini adalah beberapa hal yang perlu Anda perhatikan sebelum menggunakan Baquinor Tetes Mata:

Berikut ini adalah dosis umum penggunaan Baquinor Tetes Mata untuk dewasa dan anak usia ≥1 tahun berdasarkan kondisi pasien:

Kondisi: Konjungtivitis

Kondisi: Ulkus kornea

Gunakan Baquinor Tetes Mata sesuai anjuran dokter atau aturan pakai yang terdapat pada kemasan. Jangan menggunakan obat ini melebihi dosis yang dianjurkan.

Berikut ini adalah cara menggunakan Baquinor Tetes Mata dengan benar:

Belum diketahui efek interaksi yang bisa terjadi jika kandungan ciprofloxacin di dalam Baquinor Tetes Mata digunakan bersama dengan obat lain. Namun, tidak tertutup kemungkinan Baquinor Tetes Mata dapat berinteraksi dengan obat atau bahan aktif tertentu.

Oleh sebab itu, beri tahu dokter obat, produk herbal, atau suplemen yang sedang Anda gunakan, sebelum memakai Baquinor Tetes Mata.

Jika Anda menggunakan obat mata lain, tunggu setidaknya 5 menit setelah memakai Baquinor Tetes Mata. Jika Anda memakai obat tetes dan salep mata, gunakan tetes mata terlebih dahulu.

Mengingat Baquinor Tetes Mata mengandung ciprofloxacin, ada efek samping yang mungkin terjadi setelah menggunakan obat ini, antara lain:

Hubungi dokter jika efek samping tersebut tidak membaik atau makin parah. Segera cari pertolongan medis jika mengalami reaksi alergi obat, atau efek samping serius, seperti mata bengkak, nyeri mata, gangguan penglihatan yang makin buruk, serta mata terus mengeluarkan air mata atau belek.

Lihat lebih lanjut mengenai:",https://www.alodokter.com/baquinor-tetes-mata,2025-11-07T06:35:54.659297
Mata Juling,Unknown,Unknown,564,4081,"Mata juling adalah kondisi ketika posisi kedua mata tidak sejajar dan melihat ke arah yang berbeda. Meski paling sering terjadi pada bayi dan anak-anak, kondisi ini bisa dialami oleh siapa saja dari semua kelompok usia. Mata juling juga dapat terjadi pada satu atau kedua mata.

Mata juling dalam istilah medis dikenal dengan istilah strabismus. Kondisi ini terjadi akibat adanya gangguan koordinasi pada otot penggerak bola mata. Gangguan tersebut dapat membuat satu mata melihat ke arah depan, sedangkan satu mata lainnya melihat ke atas, bawah, atau samping.

Posisi mata yang tidak sejajar menyebabkan kedua mata tidak mampu fokus ketika melihat objek yang sama. Jika tidak ditangani, mata yang juling dapat menimbulkan sejumlah komplikasi, salah satunya adalah kebutaan.

Berdasarkan pergeseran arah mata, strabismus atau mata juling dibagi menjadi beberapa jenis, yaitu:

Mata juling terjadi akibat adanya gangguan pada otot penggerak bola mata. Belum diketahui secara pasti apa penyebab gangguan tersebut. Namun, ada beberapa faktor yang dapat meningkatkan risiko tejadinya mata juling pada anak, antara lain:

Berbeda dengan anak-anak, faktor yang dapat meningkatkan risiko terjadinya mata juling saat dewasa adalah:

Berikut ini adalah gejala-gejala yang dapat dialami oleh penderita mata juling:

Segera ke dokter jika Anda atau anak Anda mengalami gejala yang telah disebutkan di atas, terlebih jika terdapat faktor yang meningkatkan risiko terjadinya mata juling.

Perlu diketahui, anak tidak selalu bisa mengutarakan apa yang ia rasakan. Oleh karena itu, Anda perlu lebih peka terhadap perubahan anak. Waspadai jika anak sering menutup sebelah mata atau memiringkan kepala saat melihat sesuatu, karena bisa jadi hal itu merupakan tanda adanya masalah penglihatan pada anak.

Untuk mendiagnosis mata juling, dokter akan melakukan tanya jawab mengenai gejala, serta riwayat kesehatan pada pasien dan keluarganya. Selanjutnya, dokter akan melakukan pemeriksaan fisik pada mata.

Dokter juga akan melakukan serangkaian pemeriksaan lanjutan berikut ini untuk memastikan diagnosis:

Jika mata juling disertai dengan gejala lain, dokter dapat melakukan pemeriksaan pada otak dan sistem saraf untuk mendeteksi kemungkinan penyakit atau kondisi lain.

Pengobatan mata juling bertujuan untuk menyejajarkan mata dan meningkatkan ketajaman penglihatan. Metode pengobatan yang diberikan dokter akan disesuaikan dengan penyebab dan tingkat keparahan kondisi pasien. Berikut ini adalah beberapa jenis pengobatan mata juling:

Pada pasien yang menderita mata malas, dokter akan menyarankan penggunaan penutup mata untuk menutup mata yang sehat. Hal ini bertujuan untuk mendorong otot penggerak pada bola mata yang lebih lemah agar bekerja lebih keras.

Penggunaan kacamata bertujuan untuk mengobati mata juling yang disebabkan oleh gangguan penglihatan, seperti rabun jauh.

Dokter akan memberikan obat tetes mata yang mengandung atropin untuk mengaburkan penglihatan mata yang lebih kuat sehingga kedua mata memiliki fokus yang sama, sekaligus membuat mata yang lemah bekerja lebih keras. Meski begitu, efek obat tetes mata ini hanya berlangsung sementara.

Suntik botox bertujuan untuk melemahkan otot mata yang lebih kuat sehingga melatih otot mata yang lemah. Namun, efek botox biasanya hanya berlangsung sementara sehingga botox harus disuntikkan kembali tiap 3–4 bulan.

Latihan pada mata dilakukan agar otot-otot yang mengendalikan pergerakan mata dapat bekerja lebih baik.

Operasi mata juling bertujuan untuk mengencangkan atau mengendurkan otot-otot yang mengendalikan pergerakan mata. Terkadang, operasi tambahan dibutuhkan untuk bisa menyelaraskan mata sepenuhnya.

Jika tidak segera ditangani, mata juling dapat menimbulkan beberapa komplikasi, yaitu:

Mata juling umumnya tidak dapat dicegah. Namun, pencegahan terhadap komplikasi mata juling dapat dilakukan dengan deteksi dini dan pengobatan secara tepat. Sejak baru dilahirkan hingga masa awal prasekolah, anak harus selalu dipantau kesehatan matanya, terutama apabila anak memiliki faktor risiko terkena mata juling.",https://www.alodokter.com/mata-juling,2025-11-07T06:35:57.113722
Sakit Mata,Unknown,Unknown,487,3492,"Sakit mata adalah rasa nyeri, tidak nyaman, gatal, berdenyut, atau sensasi seperti tertusuk pada mata. Sakit mata dapat disebabkan oleh berbagai kondisi, misalnya infeksi, alergi, cedera pada mata, atau masuknya benda asing.

Mata terdiri dari kelopak mata, lapisan bening pelindung bola mata dan kelopak mata (konjungtiva), lapisan putih mata (sklera), kornea, dan tulang rongga mata. Jika salah satu atau lebih bagian mata tadi terganggu, sakit mata bisa terjadi.

Sakit mata jarang disebabkan oleh kondisi serius. Meski begitu, penanganan harus segera dilakukan jika sakit mata tidak membaik dalam beberapa hari, atau bila sampai menimbulkan gangguan penglihatan.

Sakit mata umumnya terjadi akibat gangguan pada mata dan kelopak mata, antara lain:

Sakit mata juga dapat terjadi akibat gangguan di organ-organ dekat mata. Gangguan tersebut antara lain:

Sakit mata dapat terjadi pada siapa saja. Namun, orang dengan kondisi berikut lebih berisiko terkena sakit mata:

Dari yang disebutkan di atas, ada beberapa penyebab sakit mata yang bisa menular, seperti keratitis, trakoma, dan konjungtivitis akibat bakteri atau virus.

Gejala sakit mata bisa timbul pada salah satu atau kedua mata. Keluhan yang muncul juga tergantung pada penyebabnya. Meski demikian, gejala sakit mata secara umum meliputi:

Lakukan pemeriksaan ke dokter jika mengalami gejala yang telah disebutkan di atas, terutama jika tidak membaik setelah lebih dari 2 hari. Pemeriksaan ke dokter juga perlu segera dilakukan jika mengalami keluhan berikut:

Untuk mendiagnosis sakit mata, dokter akan melakukan tanya jawab mengenai riwayat kesehatan pasien dan gejala yang dialaminya.

Setelah itu, dokter akan melakukan pemeriksaan mata, termasuk pada kelopak mata dan area sekitar mata. Pemeriksaan ini bisa mendeteksi tanda-tanda gangguan pada mata, seperti mata bengkak dan memerah, sensitif terhadap cahaya, atau penglihatan buram.

Pada kasus yang ringan, dokter dapat mengetahui penyebab sakit mata melalui pemeriksaan tersebut. Namun, jika sakit mata lebih parah, dokter dapat melakukan pemeriksaan lanjutan, seperti:

Pengobatan sakit mata tergantung pada penyebab dan tingkat keparahannya. Pada sakit mata ringan, misalnya akibat mata kering, pasien bisa mengatasinya dengan mengompres dingin mata yang sakit, menghentikan pemakaian lensa kontak, serta menggunakan obat tetes air mata buatan guna melembapkan mata.

Sementara pada sakit mata akibat masuknya benda asing ke mata, pasien disarankan untuk membilas mata dengan air bersih terlebih dahulu. Jika benda asing tersebut tidak bisa keluar atau menyebabkan sakit yang parah, pasien harus segera ke dokter.

Pada sakit mata akibat infeksi dan peradangan, pengobatan akan disesuaikan dengan penyebabnya. Beberapa pengobatan tersebut adalah:

Khusus pada pasien sakit mata akibat glaukoma, dokter bisa memberikan obat tetes mata, seperti pilocarpine dan latanoprost, untuk menurunkan tekanan di dalam bola mata.  Selain obat tersebut, dokter juga dapat meresepkan obat untuk mengurangi produksi cairan dalam mata, seperti timolol dan acetazolamide.

Pada pasien sakit mata akibat glaukoma parah, cedera mata, adanya benda asing di mata, atau endoftalmitis, dokter akan menyarankan operasi mata.

Pada kasus yang ringan, sakit mata biasanya jarang menimbulkan komplikasi. Namun, jika berat, sakit mata dapat menimbulkan komplikasi berbahaya, seperti:

Pencegahan sakit mata dapat dilakukan dengan menjaga kesehatan mata. Beberapa upaya yang dapat dilakukan adalah:",https://www.alodokter.com/sakit-mata,2025-11-07T06:35:59.525470
Ofloxacin Tetes Mata,Unknown,Unknown,553,4028,"Ofloxacin tetes mata adalah antibiotik untuk mengobati infeksi bakteri di mata. Penyakit yang bisa diatasi dengan obat ini adalah konjungtivitis bakterial dan tukak kornea yang disertai infeksi bakteri. Ofloxacin tetes mata hanya boleh digunakan sesuai dengan resep dokter.

Ofloxacin tetes mata termasuk dalam golongan antibiotik quinolone. Obat ini bekerja dengan cara menghentikan pertumbuhan dan membunuh bakteri penyebab infeksi. Obat ini tidak bisa mengobati infeksi mata yang disebabkan oleh jamur atau virus.

Merek obat ofloxacin tetes mata: Akilen, Erflox, Floxa, Interflox, Ofloxacin, Tarivid, Ximex Koniflox

Ofloxacin tetes mata hanya boleh digunakan jika besarnya manfaat yang diharapkan melebihi besarnya risiko terhadap janin.

Konsultasikan ke dokter mengenai penggunaan ofloxacin tetes mata jika Anda sedang hamil.

Ofloxacin tetes mata belum diketahui terserap ke dalam ASI atau tidak. Bila Anda sedang menyusui, jangan menggunakan obat ini tanpa berkonsultasi dulu dengan dokter.

Ofloxacin tetes mata tidak boleh digunakan sembarangan. Ada beberapa hal yang perlu Anda perhatikan sebelum menggunakan obat ini, di antaranya:

Berikut ini adalah dosis ofloxacin tetes mata untuk mengatasi infeksi bakteri pada anak-anak dan orang dewasa:

Kondisi: mata merah (konjungtivitis) akibat infeksi bakteri

Kondisi: tukak kornea akibat infeksi bakteri

Pastikan untuk membaca petunjuk pada kemasan obat dan mengikuti anjuran dokter dalam menggunakan ofloxacin. Selalu cuci dan keringkan tangan sebelum menggunakan ofloxacin tetes mata.

Untuk memakai obat tetes mata, dongakkan kepala dan tarik kelopak mata bawah agar membentuk kantung. Setelah itu, teteskan 1 tetes obat ke dalamnya kemudian tutup mata secara perlahan. Diamkan selama 1–2 menit sambil menekan ujung mata dekat hidung agar obat tidak mengalir keluar.

Jangan mengedip atau mengucek mata. Ulangi proses ini bila dosis yang dianjurkan lebih dari 1 tetes. Jika Anda mengalami infeksi di kedua mata, lakukan langkah-langkah di atas pada kedua mata. Usahakan ujung botol tetes mata tidak menyentuh permukaan apa pun untuk menghindari kontaminasi.

Gunakan ofloxacin pada waktu yang sama setiap harinya. Jika Anda lupa menggunakan ofloxacin, segera gunakan obat ini bila belum mendekati jadwal berikutnya. Jika sudah dekat, abaikan dosis yang terlewat dan jangan menggandakan dosis selanjutnya.

Ofloxacin tetes mata dapat membuat mata lebih sensitif terhadap cahaya sehingga membuat penggunanya mudah merasa silau. Gunakan kacamata hitam atau hindari sinar matahari langsung selama menjalani pengobatan dengan ofloxacin tetes mata untuk mengatasi hal tersebut.

Jangan menghentikan penggunaan ofloxacin tanpa berkonsultasi dengan dokter terlebih dahulu meski keluhan sudah hilang. Menghentikan penggunaan ofloxacin sebelum waktunya dapat meningkatkan risiko infeksi kambuh kembali dan lebih sulit untuk diobati.

Jangan menggunakan ofloxacin tetes mata dalam jangka panjang kecuali jika dianjurkan oleh dokter. Penggunaan ofloxacin tetes mata dalam waktu yang lama dapat meningkatkan risiko terjadinya infeksi jamur pada mata.

Simpan ofloxacin di tempat bersuhu ruangan, terhindar dari sinar matahari langsung, suhu panas, dan kondisi yang lembap. Jauhkan obat dari jangkauan anak-anak.

Belum diketahui efek interaksi yang bisa terjadi jika ofloxacin tetes mata diberikan bersamaan dengan obat-obatan lain. Untuk menghindari interaksi antarobat yang tidak diinginkan, beri tahu dokter semua obat, produk herbal, atau suplemen yang sedang Anda gunakan.

Jika Anda sedang menggunakan obat mata lain, berikan jeda 5–10 menit sebelum menggunakan obat lainnya. Jika Anda menggunakan obat tetes dan salep mata, gunakan tetes mata terlebih dahulu.

Beberapa efek samping yang bisa muncul setelah menggunakan ofloxacin tetes mata adalah:

Konsultasikan ke dokter jika gejala tersebut tidak kunjung reda atau bertambah parah. Segera temui dokter jika Anda mengalami reaksi alergi obat atau efek samping yang lebih serius, seperti:

Lihat lebih lanjut mengenai:",https://www.alodokter.com/ofloxacin-tetes-mata,2025-11-07T06:36:01.977355
Infeksi Mata,Unknown,Unknown,641,4643,"Infeksi mata adalah penyakit akibat bakteri, virus, maupun jamur yang menyerang bagian-bagian mata. Infeksi pada mata dapat terjadi pada setiap bagian mata, mulai dari bagian paling luar hingga bagian paling dalamnya.

Infeksi mata merupakan penyakit yang dapat menyerang siapa saja. Kondisi ini bisa menimbulkan gejala, seperti mata merah, gatal, nyeri, atau berair. Infeksi mata umumnya terjadi akibat penularan dari orang lain. Namun, kurangnya kebersihan mata dan area di sekitarnya juga bisa menyebabkan infeksi mata.

Infeksi mata ringan pada umumnya bisa sembuh dengan perawatan sederhana dan jarang menyebabkan komplikasi. Namun, bila tidak tertangani dengan baik dan memburuk, infeksi mata dapat menimbulkan komplikasi yang mengganggu penglihatan.

Infeksi mata bisa menyerang bagian-bagian mata dan jaringan di sekitarnya. Berikut ini adalah jenis-jenis infeksi mata berdasarkan bagian yang terinfeksi dan penyebabnya:

Infeksi mata bisa disebabkan oleh bakteri, virus, jamur, atau parasit. Mikroorganisme tersebut dapat menyerang mata, serta jaringan di sekitarnya sehingga menyebabkan infeksi dan peradangan.

Berikut ini adalah contoh-contoh organisme yang dapat menyebabkan infeksi mata:

Infeksi mata akibat bakteri bisa berasal dari kontak dengan tangan atau benda yang terkontaminasi bakteri. Infeksi mata ini juga bisa terjadi melalui hubungan seks atau dari ibu ke anak. Jenis bakteri yang dapat menyebabkan infeksi mata antara lain:

Virus bisa menyebar melalui kontak antara mata dengan tangan yang terkontaminasi virus, misalnya akibat memegang benda kotor atau kontak dengan seseorang yang sedang mengalami infeksi mata.

Infeksi mata akibat virus juga dapat menular melalui batuk atau bersin seseorang yang sedang mengalami infeksi ini. Selain itu, virus di bagian tubuh lain juga bisa menyebar ke mata dan menyebabkan infeksi.

Beberapa jenis virus yang sering menyebabkan infeksi mata adalah:

Infeksi jamur mata biasanya disebabkan oleh luka atau cedera pada mata yang kemudian terkontaminasi. Jamur Candida merupakan spesies jamur yang paling sering menyebabkan infeksi mata. Selain itu, spesies jamur Fusarium dan Aspergillus juga dapat menginfeksi mata.

Infeksi mata akibat parasit lebih jarang terjadi daripada infeksi lainnya. Parasit yang bisa menginfeksi mata contohnya adalah protozoa Acanthamoeba. Infeksi ini biasanya terjadi akibat penggunaan lensa kontak yang terkontaminasi parasit dari air yang kotor.

Beberapa kebiasaan yang bisa meningkatkan risiko seseorang terserang infeksi mata adalah:

Meskipun penyebabnya berbeda, tetapi infeksi mata memiliki gejala yang mirip. Berikut adalah gejala yang bisa muncul saat seseorang mengalami infeksi mata:

Periksakan diri Anda ke dokter bila mengalami gejala infeksi mata yang sudah disebutkan di atas. Pemeriksaan sedini mungkin diperlukan agar infeksi mata yang Anda alami diketahui penyebabnya dan bisa ditangani dengan tepat.

Jangan tunda ke dokter jika gejala infeksi mata disertai dengan:

Untuk menentukan diagnosis infeksi mata, dokter akan melakukan tanya jawab mengenai hal-hal berikut:

Setelah itu, dokter akan melakukan pemeriksaan pada mata, mulai dari bagian depan hingga ke bagian dalamnya.

Dokter mungkin juga akan mengambil sampel cairan yang keluar dari mata Anda untuk memeriksa penyebab infeksi yang terjadi. Bila diperlukan, dokter juga akan meminta pasien menjalani pemeriksaan tambahan, seperti tes darah, foto Rontgen, atau MRI mata.

Infeksi mata yang ringan dan hanya mengenai permukaan mata, seperti konjungtivitis, pada umumnya bisa membaik setelah 1–2 minggu dengan terapi mandiri di rumah. Lakukanlah beberapa hal berikut ini agar infeksi mata mereda:

Anda juga bisa menggunakan obat pereda nyeri yang dijual bebas, seperti paracetamol dan ibuprofen, untuk meringankan rasa sakit, bengkak, serta kemerahan pada mata yang terinfeksi.

Bila infeksi mata yang Anda alami tidak juga membaik dengan perawatan mandiri, dokter akan memberikan obat-obatan yang jenisnya disesuaikan dengan penyebab infeksinya. Obat tersebut bisa berupa obat tetes mata atau salep mata.

Obat-obatan yang dapat diresepkan oleh dokter antara lain:

Dokter juga bisa meresepkan obat minum bila infeksi mata tidak membaik setelah diobati dengan obat tetes dan salep mata. Jika mata yang terinfeksi tidak kunjung membaik setelah diberikan obat-obatan atau terjadi infeksi yang parah, dokter mata ahli rekonstruksi dapat melakukan operasi untuk menanganinya.

Meskipun jarang terjadi, infeksi mata yang tidak diobati hingga tuntas dapat menyebabkan komplikasi di bawah ini:

Ada upaya-upaya yang bisa dilakukan untuk mencegah infeksi mata, di antaranya:",https://www.alodokter.com/infeksi-mata,2025-11-07T06:36:04.429970
Cedera Mata,Unknown,Unknown,463,3368,"Cedera mata adalah kerusakan pada mata yang disebabkan oleh trauma fisik, paparan terhadap benda asing, atau kontak dengan bahan kimia. Cedera mata perlu mendapatkan penanganan yang tepat agar tidak mengganggu penglihatan atau bahkan kebutaan.

Cedera mata dapat berupa bengkak, memar, perdarahan, patah pada tulang di sekitar mata, atau luka pada permukaan mata, baik pada konjungtiva maupun kornea. Sebagian cedera mata dapat sembuh hanya dengan beristirahat dan dirawat di rumah.

Meski begitu, cedera mata juga dapat menyebabkan kerusakan mata serius, yang biasanya ditandai dengan nyeri dan gangguan penglihatan. Cedera mata yang berat harus segera ditangani karena berisiko menyebabkan kebutaaan permanen.

Berikut ini adalah serangkaian aktivitas atau situasi yang dapat meningkatkan risiko seseorang mengalami cedera mata:

Meskipun dapat terjadi pada semua orang, cedera mata lebih berisiko dialami oleh anak-anak dan remaja, terutama ketika melakukan olahraga yang membutuhkan kontak fisik, seperti sepak bola.

Selain itu, para pekerja di bidang konstruksi atau bidang lain yang berhubungan dengan bahan kimia juga berisiko lebih tinggi mengalami cedera mata. Kondisi ini juga dapat terjadi di rumah, misalnya saat memasak, membersihkan rumah, mencuci baju, atau menyalakan kembang api.

Gejala cedera mata tergantung pada jenis cedera mata yang dialami penderitanya. Keluhan ini dapat muncul secara tiba-tiba atau berkembang seiring berjalannya waktu.

Berikut adalah beberapa jenis cedera mata yang umum terjadi dan gejala yang menyertainya:

Tidak hanya itu, cedera mata juga menyebabkan gangguan penglihatan, seperti:

Lakukan pemeriksaan ke dokter jika Anda atau orang terdekat Anda memiliki gejala cedera mata yang telah disebutkan di atas meskipun cedera yang terjadi terasa ringan. Jika mata terkena bahan kimia, hubungi ambulans dan bilas mata dengan air bersih sembari menunggu pertolongan medis datang.

Jika ada benda tajam yang tersangkut di mata, jangan coba untuk mengeluarkannya sendiri. Kondisi tersebut harus ditangani oleh dokter.

Untuk mendiagnosis cedera mata, dokter akan terlebih dahulu bertanya kepada pasien mengenai hal-hal berikut:

Setelah itu, dokter akan melakukan pemeriksaan mata untuk melihat beberapa kondisi berikut:

Untuk lebih memastikan diagnosis, dokter akan melakukan pemeriksaan penunjang, seperti:

Berikut adalah pertolongan pertama yang sebaiknya dilakukan dan dihindari jika mengalami cedera mata:

Apabila mata tergores oleh benda asing atau pun kuku jari tangan, beberapa penanganan pertama yang boleh dan tidak boleh Anda lakukan, yaitu:

Pada kondisi mata yang terbentur benda tertentu atau terkena hantaman maupun pukulan, ada beberapa pertolongan pertama yang sebaiknya dilakukan dan dihindari, yaitu:

Sementara itu, jika mata tertusuk, ada beberapa penanganan pertama yang sebaiknya dilakukan dan dihindari, seperti:

Jika mata mengalami luka bakar atau percikan bahan kimia di mata, beberapa pertolongan pertama yang sebaiknya dilakukan dan dihindari adalah:

Jika cedera mata terjadi akibat alasan lain, ada beberapa hal yang sebaiknya dilakukan dan dihindari, seperti:

Berikut ini adalah beberapa pengobatan yang akan diberikan oleh dokter untuk menangani cedera mata:

Komplikasi yang dapat muncul akibat cedera mata antara lain:

Cedera mata dapat dicegah dengan melakukan beberapa upaya berikut:",https://www.alodokter.com/cedera-mata,2025-11-07T06:36:06.809147
Mata Kedutan,Unknown,Unknown,640,4630,"Mata kedutan adalah kondisi ketika otot di kelopak mata mengalami kontraksi-kontraksi kecil dan cepat di luar kendali. Mata kedutan terbagi dalam beberapa jenis yang setiap jenisnya memiliki penyebab yang berbeda.

Mata kedutan merupakan masalah yang umum terjadi. Bagi sebagian besar orang, kedutan pada mata hanya terjadi sekali-kali dan tidak mengganggu. Kondisi ini juga umumnya akan hilang dengan sendirinya tanpa penanganan apa pun.

Meski begitu, mata kedutan terkadang bisa menjadi tanda dari kondisi tertentu yang memerlukan penanganan. Biasanya, mata kedutan pada kondisi ini memengaruhi penglihatan atau mengganggu aktivitas sehari-hari penderitanya.

Seperti dijelaskan di atas, mata kedutan terbagi dalam beberapa jenis yang penyebabnya bisa berbeda-beda. Berikut adalah penjelasannya:

Myokymia merupakan jenis mata kedutan yang paling umum terjadi. Kondisi ini bisa terjadi pada kelopak mata atas atau bawah, tetapi lebih sering terjadi pada kelopak mata bawah dan pada satu mata saja.

Mata kedutan yang termasuk myokymia biasanya dipicu oleh beberapa faktor berikut:

Pada beberapa kasus, myokymia juga dapat disebabkan oleh kondisi tertentu, seperti multiple sclerosis, myasthenia gravis, atau konsumsi obat tertentu.

Blefarospasme sangat jarang terjadi. Jenis mata kedutan ini ditandai dengan kedua mata yang mengedip dengan cepat dan tidak terkendali. Kondisi ini dapat memburuk seiring berjalannya waktu dan bisa sangat mengganggu aktivitas harian.

Blefarospasme terjadi karena gangguan gerak dari otot-otot di sekitar mata (dystonia). Tidak ada yang tahu persis penyebab dari gangguan gerak ini. Namun, ada dugaan bahwa blefarospasme terjadi akibat kerusakan pada bagian otak yang dikenal sebagai ganglia basal.

Beberapa faktor yang meningkatkan risiko terjadinya blefarospasme adalah:

Hemifacial spasm adalah jenis kedutan yang melibatkan otot pada satu sisi wajah, termasuk kelopak mata. Kedutan ini mungkin bermula di sekitar mata, kemudian menyebar ke bagian lain di wajah. Namun, kondisi ini sangat jarang terjadi.

Hemifacial spasm disebabkan oleh gangguan pada saraf yang mengatur pergerakan otot pada wajah, termasuk otot kelopak mata. Umumnya, kondisi ini disebabkan oleh kelainan pembuluh darah yang akhirnya menekan saraf wajah.

Namun, selain karena kondisi di atas, hemifacial spasm juga bisa terjadi akibat Bell’s palsy, cedera kepala, tumor otak, atau tumor kelenjar parotis.

Setiap jenis mata kedutan di atas memiliki gejala yang berbeda-beda, baik itu lokasi kedutan atau pun sensasi kedutannya. Berikut adalah penjabarannya:

Umumnya, kedutan mata akan hilang dengan sendirinya dalam beberapa hari atau minggu. Namun, Anda perlu segera ke dokter jika terjadi kondisi berikut:

Untuk mendiagnosis mata kedutan yang mengganggu atau bertahan lama, dokter akan melakukan tanya jawab dengan pasien terkait hal-hal berikut:

Selanjutnya, dokter akan melakukan pemeriksaan fisik, misalnya dengan mengetuk area yang kedutan.

Untuk menguatkan diagnosis mata kedutan, dokter dapat melakukan tes penunjang, seperti MRI pada otak atau tes darah. Tujuannya adalah untuk memeriksa apakah ada gangguan lain yang menyebabkan mata kedutan, seperti multiple sclerosis.

Mata kedutan umumnya tidak memerlukan pengobatan apa pun karena tidak berbahaya dan akan hilang dengan sendirinya. Anda juga bisa melakukan beberapa cara ini untuk mengatasi mata kedutan:

Bila mata kedutan diduga disebabkan oleh penggunaan obat-obatan tertentu, Anda bisa berkonsultasi dengan dokter untuk menurunkan dosis obat atau mengganti jenis obat yang lebih sesuai dengan kondisi Anda.

Untuk mata kedutan yang tidak membaik dengan penanganan di atas, ada terapi atau pengobatan yang dapat diberikan oleh dokter, yaitu:

Obat-obatan biasanya digunakan untuk melemaskan otot kelopak mata atau wajah yang tegang dan menyebabkan mata kedutan. Obat ini hanya digunakan pada awal pengobatan dan untuk jangka pendek.

Obat yang dapat diberikan untuk mata kedutan antara lain:

Perlu diketahui bahwa obat ini biasanya digunakan untuk jangka pendek saja.

Jika kedutan mata berlangsung selama berminggu-minggu dan menyebabkan mata sulit dibuka, dokter akan melakukan tindakan medis berikut:

Tindakan di atas dapat mengurangi mata kedutan dalam waktu yang lebih lama.

Mata kedutan yang parah dan berlangsung secara terus-menerus dapat menyebabkan kerusakan permanen pada kelopak mata dan area di sekitarnya. Komplikasi yang dapat muncul akibat hal tersebut bisa berupa:

Tidak ada cara pasti untuk mencegah terjadinya mata kedutan. Namun, ada beberapa upaya yang dapat dilakukan untuk menurunkan risiko terkena mata kedutan, yaitu:",https://www.alodokter.com/mata-kedutan,2025-11-07T06:36:09.258051
Flamar Tetes Mata,Unknown,Unknown,277,1967,"Flamar tetes mata adalah obat yang bermanfaat untuk meredakan gejala nyeri, bengkak, kemerahan, dan silau yang timbul setelah operasi pada mata. Tiap 1 ml Flamar tetes mata mengandung 1 mg diclofenac sodium.

Kandungan diclofenac sodium di dalam Flamar tetes mata termasuk dalam kelompok obat antiinflamasi nonsteroid (OAINS). Obat ini bekerja dengan menghambat pembentukan prostaglandin, yaitu zat yang dapat memicu peradangan. Dengan begitu, gejala-gejala yang muncul akibat peradangan setelah operasi bisa mereda.

Sebelum menggunakan Flamar tetes mata, Anda perlu memperhatikan beberapa hal berikut:

Dosis umum pemakaian Flamar tetes mata untuk mengatasi keluhan nyeri, bengkak, kemerahan, dan silau setelah operasi adalah:

Pemberian Flamar tetes mata biasanya dilakukan oleh dokter mata atau petugas medis di rumah sakit setelah prosedur operasi selesai. Obat ini juga dapat digunakan secara mandiri selama masa pemulihan, tetapi tetap atas arahan dari dokter.

Ikuti anjuran dokter dan bacalah informasi yang tertera pada kemasan terkait penggunaan obat ini. Jangan mengurangi atau menambah dosis tanpa persetujuan dokter.

Berikut adalah cara menggunakan Flamar tetes mata dengan benar:

Efek interaksi yang bisa terjadi jika Flamar tetes mata digunakan bersama obat lain adalah:

Untuk mencegah terjadinya efek interaksi obat, pastikan untuk memberi tahu dokter sebelum menggunakan Flamar tetes mata bersama obat lain.

Jika Anda menggunakan obat mata lainnya, tunggu setidaknya 5–10 menit setelah memakai Flamar tetes mata. Jika Anda memakai obat tetes dan salep mata, gunakan obat tetes mata terlebih dahulu.

Mengingat Flamar tetes mata mengandung diclofenac sodium, ada efek samping yang mungkin terjadi setelah menggunakan obat ini, antara lain:

Lakukan pemeriksaan ke dokter jika efek samping di atas tidak kunjung membaik atau makin berat. Segera cari pertolongan medis jika mengalami reaksi alergi obat atau efek samping yang lebih serius, seperti:",https://www.alodokter.com/flamar-tetes-mata,2025-11-07T06:36:11.675552
Genoint Tetes Mata,Unknown,Unknown,452,3219,"Genoint tetes mata adalah obat untuk mengatasi infeksi bakteri di mata maupun kelopak mata, seperti konjungtivitis bakterial atau blefaritis. Tetes mata merek Genoint mengandung antibiotik gentamicin yang mampu membasmi kuman penyebab infeksi mata. Obat mata ini hanya bisa diperoleh dengan resep dokter.

Dalam 1 ml Genoint tetes mata, terkandung 3 mg gentamicin. Bahan aktif ini bekerja dengan cara mengacaukan pembentukan protein pada bakteri. Antibiotik ini membuat bakteri menghasilkan protein dengan struktur yang salah dan malah merusak dinding sel bakteri. Alhasil, bakteri akhirnya mati dan infeksi mata berangsur sembuh.

Genoint tetes mata tidak boleh digunakan untuk mengatasi konjungtivitis akibat virus maupun jamur. Sebelum menggunakan obat ini, lakukan konsultasi dengan dokter secara langsung atau melalui chat jika Anda memiliki keluhan tertentu pada mata.

Berikut adalah beberapa hal yang perlu Anda perhatikan sebelum menggunakan Genoint tetes mata untuk diri sendiri atau memberikannya kepada anak:

Dosis Genoint tetes mata untuk mengobati infeksi bakteri di mata adalah 1–2 tetes pada mata yang sakit tiap 4 jam, atau tiap 1 jam untuk mengatasi infeksi mata yang parah. Frekuensi pemakaian obat bisa dikurangi secara bertahap ketika infeksi mata mulai membaik.

Gunakanlah Genoint tetes mata sesuai anjuran dokter dan petunjuk yang tertera pada kemasan. Jangan menggunakan tetes mata ini terlalu banyak atau terlalu sering, tetapi secukupnya saja sesuai aturan pakai.

Apabila Anda menggunakan lensa kontak, lepaskanlah terlebih dahulu sebelum memakai Genoint tetes mata. Tunggu setidaknya 15 menit setelah meneteskan obat mata ini jika hendak memakai kembali lensa kontak. Genoint tetes mata mengandung bahan pengawet benzalkonium chloride, yang dapat merusak soft lens.

Berikut adalah cara menggunakan Genoint tetes mata yang benar:

Obat mata, seperti Genoint tetes mata, jarang menimbulkan efek interaksi dengan obat lain. Namun, tidak tertutup kemungkinan gentamicin dalam obat ini bisa berinteraksi dengan obat atau bahan aktif tertentu.

Agar aman, jangan memakai obat mata lain selama menjalani pengobatan dengan Genoint tetes mata kecuali jika disarankan oleh dokter.

Jika Anda sedang menggunakan obat mata lain, beri jeda 5–10 menit setelah memakai Genoint tetes mata. Jika Anda menggunakan salep mata dan tetes mata, gunakan tetes mata terlebih dahulu.

Penggunaan produk gentamicin ophthalmic, seperti Genoint tetes mata, berisiko menimbulkan efek samping berupa:

Efek samping tersebut umumnya ringan dan bisa segera hilang. Konsultasikan dengan dokter melalui chat jika efek samping tersebut tidak membaik atau justru makin parah.

Hentikan penggunaan Genoint tetes mata dan tanyakan kepada dokter apabila gejala infeksi mata yang Anda alami memburuk, muncul gejala baru pada mata yang sangat mengganggu, atau timbul keluhan serius berikut ini:

Untuk mendapatkan respons yang cepat, Anda bisa melakukan konsultasi online melalui Chat Bersama Dokter. Melalui chat, dokter dapat memberikan saran dan pengobatan untuk meredakan efek samping. Jika diperlukan pertolongan medis secepatnya, dokter akan menyarankan Anda untuk ke IGD rumah sakit terdekat.

Lihat lebih lanjut mengenai:",https://www.alodokter.com/genoint-tetes-mata,2025-11-07T06:36:14.105377
Mata Merah,Unknown,Unknown,415,3095,"Mata merah adalah kondisi ketika bagian putih mata berwarna merah. Warna merah yang terlihat bisa berupa pembuluh darah yang melebar atau bercak seperti darah. Penyebab mata merah bisa infeksi atau kondisi lain yang bukan infeksi, misalnya alergi.

Mata merah dapat terjadi pada satu, misalnya hanya di bagian kiri atau kanan, atau kedua mata. Keluhan ini bisa berlangsung secara bertahap atau terjadi secara tiba-tiba, misalnya akibat cedera.

Mata merah umumnya bukan merupakan kondisi serius dan dapat sembuh seiring waktu. Namun, bila mata merah tidak kunjung sembuh atau makin parah, disertai nyeri dan gangguan penglihatan, segera periksakan ke dokter. Pemeriksaan perlu dilakukan untuk mengetahui penyebab dan menentukan pengobatan yang sesuai.

Secara umum, penyebab mata merah terbagi menjadi infeksi dan noninfeksi. Berikut adalah penjelasannya:

Berikut adalah beberapa penyakit infeksi mata yang dapat menyebabkan keluhan mata merah:

Beberapa kondisi noninfeksi yang dapat menyebabkan mata merah antara lain:

Mata merah merupakan gejala dari beragam penyakit yang menyerang mata. Selain mata merah, gejala lain yang mungkin timbul tergantung pada penyebabnya. Berikut adalah penjelasannya:

Lakukan pemeriksaan ke dokter jika Anda mengalami keluhan berupa mata merah yang makin parah atau tidak sembuh selama beberapa hari. Pemeriksaan dan penanganan juga perlu dilakukan bila mata merah disertai keluhan lain, seperti:

Diagnosis mata merah diawali dengan tanya jawab mengenai gejala, serta riwayat kesehatan pasien dan keluarga, dilanjutkan dengan pemeriksaan mata. Setelah itu, dokter akan melakukan pemeriksaan lanjutan untuk menegakkan diagnosis, seperti:

Hindari mengobati mata merah menggunakan obat tetes mata tanpa resep dari dokter. Hal ini karena obat tetes mata yang dijual bebas tidak diperbolehkan untuk banyak jenis penyakit mata, seperti konjungtivitis, keratitis, dan glaukoma.

Beberapa metode pengobatan untuk mata merah dapat meliputi:

Jenis-jenis obat yang dapat diresepkan oleh dokter untuk mengobati keluhan mata merah antara lain:

Terapi laser dapat direkomendasikan oleh dokter untuk mengobati glaukoma yang tidak sembuh dengan pemberian obat-obatan. Jenis terapi laser untuk menangani glaukoma adalah trabeculoplasty dan iridotomy.

Jika pemberian obat-obatan tidak efektif untuk mengobati ulkus kornea dan keratitis, dokter akan merekomendasikan tranplantasi kornea. Transplantasi kornea juga bisa dilakukan bila kondisi pasien dengan ulkus kornea sudah sangat parah.

Operasi mata dapat dilakukan oleh dokter setelah menentukan lokasi dan ukuran jaringan kanker yang ada. Metode operasi yang dilakukan untuk mengobati kanker mata, yaitu iridektomi dan iridotrabulektomi.

Komplikasi yang mungkin terjadi akibat mata merah bisa berbeda-beda, tergantung pada penyebabnya. Komplikasi tersebut dapat berupa:

Sebagian besar kondisi yang menyebabkan mata merah dapat dicegah dengan menjaga kebersihan mata dan menghindari penyebab iritasi. Beberapa upaya yang bisa dilakukan untuk mencegah kondisi tersebut adalah:

Menjalani pemeriksaan mata secara rutin",https://www.alodokter.com/mata-merah,2025-11-07T06:36:16.556280
Molcin Tetes Mata,Unknown,Unknown,389,2749,"Molcin tetes mata adalah obat untuk mengatasi infeksi mata yang disebabkan oleh bakteri, seperti konjungtivitis bakterial. Molcin tetes mata mengandung antibiotik moxifloxacin yang mampu membunuh kuman penyebab infeksi mata.

Dalam tiap ml larutan Molcin tetes mata, terkandung 5 mg moxifloxacin. Zat aktif obat ini bekerja menghambat enzim yang diperlukan oleh bakteri untuk bertahan hidup dan memperbanyak diri. Hasilnya, bakteri tidak bisa tumbuh dan akhirnya mati. Dengan memakai obat ini, infeksi mata beserta gejalanya bisa mereda.

Molcin tetes mata dijual dalam kemasan botol isi 3 ml. Obat ini hanya bisa diperoleh dengan resep dokter.

Molcin tetes mata tidak boleh digunakan untuk mengatasi konjungtivitis akibat virus maupun jamur. Sebelum menggunakan obat ini, lakukan konsultasi dengan dokter secara langsung atau melalui chat jika Anda memiliki keluhan tertentu pada mata.

Hal penting lain yang perlu diperhatikan sebelum menggunakan Molcin tetes mata adalah:

Rekomendasi dosis Molcin tetes mata untuk mengobati konjungtivitis bakterial pada orang dewasa adalah 1 tetes, 3 kali sehari, selama 7 hari.

Gunakanlah Molcin tetes mata sesuai anjuran dokter dan petunjuk yang tertera pada kemasan. Jangan menggunakan obat mata ini terlalu banyak atau terlalu sering, tetapi secukupnya saja sesuai aturan pakai.

Berikut adalah cara menggunakan Molcin tetes mata yang benar:

Obat yang diteteskan ke mata, termasuk Molcin tetes mata, jarang menimbulkan efek interaksi dengan obat lain. Namun, tidak tertutup kemungkinan moxifloxacin dalam obat mata ini bisa berinteraksi dengan obat atau bahan aktif tertentu.

Agar aman, jangan memakai obat mata lain selama menjalani pengobatan dengan Molcin tetes mata kecuali jika disarankan oleh dokter.

Jika Anda sedang menggunakan obat mata lain, beri jeda 5–10 menit sebelum menggunakan Molcin tetes mata. Jika Anda menggunakan obat tetes mata dan salep mata, gunakan tetes mata terlebih dahulu.

Efek samping yang bisa terjadi akibat penggunaan produk moxifloxacin tetes mata, seperti Molcin, adalah:

Efek samping tersebut umumnya ringan dan bisa segera hilang. Konsultasikan dengan dokter melalui chat jika efek samping tersebut tidak membaik atau malah tambah parah.

Hentikan penggunaan obat ini dan tanyakan kepada dokter jika gejala konjungtivitis yang Anda alami memburuk; muncul gejala baru pada mata yang sangat mengganggu; atau timbul keluhan serius berikut ini:

Untuk mendapatkan respons yang cepat, Anda bisa melakukan konsultasi online melalui Chat Bersama Dokter. Melalui chat, dokter dapat memberikan saran dan pengobatan untuk meredakan efek samping. Jika diperlukan pertolongan medis secepatnya, dokter akan menyarankan Anda untuk ke IGD terdekat.

Lihat lebih lanjut mengenai:",https://www.alodokter.com/molcin-tetes-mata,2025-11-07T06:36:18.976801
Genoint Salep Mata,Unknown,Unknown,390,2774,"Genoint salep mata adalah obat antibiotik untuk mengatasi infeksi mata yang disebabkan oleh bakteri. Obat mata ini digunakan dalam mengobati kondisi konjungtivitis bakterial, blefaritis, keratitis, ulkus kornea, serta bintitan.

Tiap gram Genoint salep mata mengandung 3 mg gentamicin, yang mampu membunuh bakteri penyebab infeksi mata. Gentamicin menghambat pembentukan protein yang diperlukan bakteri untuk membangun dinding selnya. Dengan begitu, bakteri tidak bisa tumbuh dan akhirnya mati. Hasilnya, infeksi mata dan gejalanya pun bisa sembuh.

Genoint salep mata tersedia dalam kemasan tube isi 3,5 gram. Obat ini hanya bisa diperoleh dengan resep dokter.

Genoint salep mata tidak boleh digunakan untuk mengatasi konjungtivitis akibat virus maupun jamur. Sebelum menggunakan obat ini, lakukan konsultasi dengan dokter secara langsung atau melalui chat jika Anda memiliki keluhan tertentu pada mata.

Hal penting lain yang perlu Anda perhatikan sebelum menggunakan Genoint salep mata untuk diri sendiri atau memberikannya kepada anak adalah:

Untuk mengobati infeksi bakteri di mata, oleskan salep mata Genoint pada mata yang sakit, 2–4 kali sehari.

Gunakanlah Genoint salep mata sesuai anjuran dokter dan petunjuk yang tertera pada kemasan. Jangan menggunakan obat mata ini terlalu banyak atau terlalu sering, tetapi secukupnya saja sesuai aturan pakai.

Berikut adalah cara menggunakan Genoint salep mata yang benar:

Obat mata, seperti Genoint salep mata, jarang menimbulkan efek interaksi dengan obat lain. Namun, tidak tertutup kemungkinan gentamicin dalam obat mata ini bisa berinteraksi dengan obat atau bahan aktif tertentu.

Agar aman, jangan memakai obat mata lain selama menjalani pengobatan dengan Genoint salep mata kecuali jika disarankan oleh dokter.

Jika Anda sedang menggunakan obat mata lain, beri jeda 5–10 menit setelah menggunakan Genoint salep mata. Jika Anda menggunakan obat tetes mata dan salep mata, gunakan salep mata terlebih dahulu.

Efek samping yang bisa terjadi akibat penggunaan salep mata berbahan gentamicin, seperti Genoint, adalah:

Efek samping tersebut umumnya ringan dan bisa segera hilang. Konsultasikan dengan dokter melalui chat jika efek samping tersebut tidak membaik atau malah tambah parah.

Hentikan penggunaan obat ini dan tanyakan kepada dokter jika gejala infeksi mata yang Anda alami memburuk, muncul gejala baru pada mata yang sangat mengganggu, atau timbul keluhan serius berikut ini:

Untuk mendapatkan respons yang cepat, Anda bisa melakukan konsultasi melalui Chat Bersama Dokter. Melalui chat, dokter dapat memberikan saran dan pengobatan untuk meredakan efek samping. Jika diperlukan pertolongan medis secepatnya, dokter akan menyarankan Anda untuk ke IGD rumah sakit terdekat.

Lihat lebih lanjut mengenai:",https://www.alodokter.com/genoint-salep-mata,2025-11-07T06:36:21.575623
Tumor Kelopak Mata,Unknown,Unknown,1174,8412,"Tumor kelopak mata adalah benjolan abnormal yang tumbuh di jaringan dan kulit kelopak mata. Benjolan ini dapat menyerupai kutil atau tahi lalat dengan bentuk dan ukuran yang tidak normal. Tumor kelopak mata bisa bersifat jinak atau ganas (kanker) sehingga perlu dipastikan melalui pemeriksaan menyeluruh.

Tumor kelopak mata dapat bermula dari otot dan konjungtiva bagian kelopak mata. Meski demikian, tumor kelopak mata lebih sering muncul di epidermis atau lapisan terluar kulit kelopak mata.

Tumor kelopak mata lebih banyak terjadi pada orang usia 40–70 tahun dengan warna kulit yang cerah. Sebagian besar tumor kelopak mata bersifat ganas atau tergolong sebagai kanker. Tumor jenis ini juga lebih sering ditemukan pada kelopak mata bagian bawah daripada kelopak mata bagian atas.

Tumor kelopak mata terjadi ketika sel-sel di kelopak mata tumbuh secara berlebihan sehingga membentuk benjolan di organ tersebut. Kondisi ini diduga terjadi akibat mutasi (perubahan) pada materi genetik (DNA) yang mengatur pembelahan sel.

Tumor kelopak mata lebih rentan dialami oleh orang yang:

Berdasarkan sifat pertumbuhannya, tumor kelopak mata dibagi menjadi dua kelompok, yaitu:

Tumor kelopak mata yang bersifat jinak tidak merusak dan tidak menyebar ke jaringan tubuh lain. Akan tetapi, benjolan tumor jinak pada kelopak mata bisa menekan jaringan sehat di sekitarnya sehingga dapat mengganggu fungsinya.

Berikut adalah dua jenis tumor kelopak mata yang tergolong jinak:

Tumor ganas di kelopak mata bisa menyebar ke bagian tubuh lain dan merusak jaringan sehat di sekitar kelopak mata, bahkan hingga ke bagian dalam mata.

Tumor ganas di kelopak mata merupakan jenis kanker kulit. Berikut adalah 4 jenis tumor kelopak mata yang bersifat ganas:

Karsinoma sel basal merupakan jenis tumor kelopak mata ganas yang paling umum terjadi. Jenis tumor ini biasanya muncul di kelopak mata bawah. Jika tidak ditangani, tumor ganas ini bisa menyebabkan kebutaan.

Karsinoma sel skuamosa menempati peringkat kedua terbanyak untuk jenis tumor ganas di kelopak mata. Kanker ini paling sering muncul di kelopak mata bagian atas, atau pada kulit dengan kondisi lain, seperti solar keratosis, yang sudah ada.

Jika muncul di kelopak mata, tumor ini dapat dengan cepat menyebar ke jaringan mata di sekitarnya. Hal ini bisa mengakibatkan timbulnya gangguan penglihatan, termasuk diplopia.

Melanoma kelopak mata merupakan jenis tumor yang berbahaya. Melanoma adalah jenis tumor ganas yang terbentuk dari sel melanosit, yakni sel penghasil pigmen atau zat warna alami pada kulit.

Tumor ganas ini paling sering muncul di kelopak mata atas. Apabila tidak segera ditangani, tumor ini dapat menyebar ke seluruh tubuh.

Tumor kelopak mata ini terbentuk di kelenjar yang memproduksi minyak di kulit, atau dari kelenjar yang terletak di dasar bulu mata. Karsinoma sebasea tergolong kanker langka yang sering disalahartikan sebagai bintitan dan konjungtivitis kronis. Benjolan tumor ganas ini lebih sering muncul di kelopak mata bagian atas.

Gejala utama tumor kelopak mata adalah benjolan. Lokasi benjolan tumor bisa di bagian atas, bawah, maupun sudut kelopak mata, bisa juga di garis kelopak dekat tumbuhnya bulu mata.

Benjolan tumor kelopak mata yang bersifat jinak umumnya menyerupai daging tumbuh (skin tag), atau bintik hitam seperti tahi lalat. Terkadang, tumor jinak bisa menyebabkan iritasi ringan pada kelopak mata.

Sementara itu, tumor kelopak mata yang bersifat ganas dapat menimbulkan gejala berikut:

Beberapa gejala tumor kelopak mata bisa mirip dengan gangguan kesehatan lain. Oleh karena itu, konsultasikanlah dengan dokter, bisa secara langsung atau melalui chat, jika mengalami keluhan-keluhan di atas. Dokter akan mencari tahu penyebab dari gejala tersebut dan memberikan pengobatan yang sesuai.

Pemeriksaan perlu dilakukan agar keberadaan tumor dapat segera terdeteksi. Dengan begitu, penanganan dapat dilakukan secepatnya sehingga peluang kesembuhan pun tinggi.

Untuk mendiagnosis tumor kelopak mata, dokter akan terlebih dahulu melakukan tanya jawab dengan pasien. Sejumlah pertanyaan yang diajukan meliputi:

Selanjutnya, dokter akan melakukan pemeriksaan fisik pada kelopak mata guna mengetahui ukuran, bentuk, warna, dan lokasi lesi maupun benjolan. Dokter juga akan memeriksa apakah lesi maupun benjolan bisa bergerak, keras, lunak, dan berisi cairan atau tidak. Pemeriksaan ini dilakukan menggunakan slit lamp.

Selain itu, dokter akan melakukan penekanan ringan pada kelenjar getah bening di wajah dan leher untuk mendeteksi ada atau tidaknya pembengkakan.

Jika diperlukan, dokter akan melakukan pemeriksaan lanjutan di bawah ini untuk menetapkan diagnosis:

Jika pasien dipastikan menderita tumor kelopak mata ganas, dokter akan melakukan pemeriksaan untuk menentukan stadium atau tingkat keparahannya. Berikut adalah stadium tumor kelopak mata ganas:

Setelah mengetahui jenis, ukuran, lokasi, sifat, dan stadium tumor di kelopak mata, dokter akan menentukan metode pengobatan yang tepat.

Penanganan tumor kelopak mata akan disesuaikan dengan kondisi kesehatan dan usia pasien, serta jenis, lokasi, ukuran, tingkat penyebaran, dan stadium tumor. Pada tumor kelopak mata jinak, dokter umumnya hanya melakukan pemantauan rutin. Tujuannya adalah untuk melihat perubahan kondisi tumor kelopak mata jinak pada pasien.

Akan tetapi, bila tumor kelopak mata jinak berukuran besar, menghalangi pandangan, menimbulkan iritasi, atau dirasa mengganggu penampilan, dokter dapat melakukan tindakan untuk membuang tumor tersebut.

Beberapa metode pengobatan yang dapat dilakukan dokter pada tumor kelopak mata yang bersifat ganas adalah:

Pengobatan utama untuk tumor kelopak mata ganas adalah operasi. Operasi bertujuan untuk membuang jaringan tumor ganas di kelopak mata dan membunuh sel kanker. Pada prosedur ini, jaringan sehat di sekitar tumor juga perlu diangkat untuk mencegah sel-sel tumor ganas menyebar.

Jenis operasi yang umum dilakukan adalah:

Selain itu, operasi rekonstruksi kelopak mata dapat dilakukan setelah seluruh tumor dibuang. Tujuan dari operasi ini adalah untuk memperbaiki fungsi dan bentuk kelopak mata.

Terapi laser dilakukan dengan mengarahkan sinar infra merah untuk menghancurkan sel-sel kanker di kelopak mata. Terapi laser ditujukan bagi pasien melanoma kelopak mata, terutama yang tidak memungkinkan untuk menjalani operasi atau radioterapi.

Prosedur ini juga bisa dilakukan sebagai terapi tambahan setelah radioterapi untuk mencegah kanker tumbuh kembali.

Prosedur ini dilakukan dengan mengoleskan obat ke permukaan kulit kelopak mata yang terkena tumor ganas. Setelah itu, dokter akan menyinari bagian kulit tersebut dengan sinar khusus untuk menghancurkan sel kanker.

Radioterapi atau terapi radiasi digunakan pada pasien yang tidak dapat menjalani operasi. Tujuan dari prosedur ini adalah untuk menghancurkan tumor menggunakan sinar-X berkekuatan tinggi.

Radioterapi juga bisa dilakukan setelah operasi untuk mencegah kekambuhan atau apabila kanker telah menyebar ke kelenjar getah bening.

Terapi ini dilakukan dengan memberikan obat-obat khusus yang menghambat pertumbuhan sel kanker secara spesifik. Contoh obat terapi target yang bisa diberikan kepada pasien antara lain:

Imunoterapi adalah pemberian obat yang dapat membantu sistem kekebalan tubuh melawan sel kanker. Prosedur ini dapat digunakan untuk menangani tumor kelopak mata jenis melanoma, karsinoma sel basal, atau karsinoma sel skuamosa stadium lanjut. Contoh obatnya adalah pembrolizumab, cemiplimab, dan cosibelimab.

Kemoterapi adalah pemberian obat yang bisa membunuh sel-sel kanker. Obat kemoterapi yang diberikan bisa berupa:

Tumor kelopak mata jinak, seperti papilloma, yang berukuran besar dapat mengganggu pergerakan kelopak mata. Hal ini bisa menyebabkan mata kering dan lebih mudah mengalami iritasi. Selain itu, tumor tersebut bisa menghalangi pandangan.

Tumor jinak di kelopak mata yang terasa gatal juga bisa membuat penderitanya tidak nyaman. Tidak hanya itu, benjolan besar di kelopak mata bisa mengganggu penampilan sehingga membuat penderitanya kurang percaya diri.

Adapun komplikasi akibat tumor kelopak mata yang bersifat ganas bisa berupa:

Tumor kelopak mata sulit dicegah karena tidak semua penyebabnya diketahui secara pasti. Upaya terbaik yang bisa dilakukan adalah dengan menjalani pola hidup sehat dan menghindari faktor risiko tumor ini. Cara yang bisa dilakukan antara lain:",https://www.alodokter.com/tumor-kelopak-mata,2025-11-07T06:36:24.000453
Levocin Tetes Mata,Unknown,Unknown,410,2923,"Levocin tetes mata adalah obat antibiotik untuk menyembuhkan radang selaput pelindung mata atau konjungtivitis akibat infeksi bakteri. Obat tetes mata merek Levocin mengandung bahan aktif levofloxacin.

Tiap 1 ml larutan Levocin tetes mata mengandung 5 mg levofloxacin. Bahan aktif obat ini bekerja dengan menghambat enzim yang dibutuhkan oleh bakteri untuk berkembang biak. Dengan begitu, bakteri mati dan tidak bertambah banyak. Hasilnya, infeksi mata dan gejala yang mengikutinya pun mereda.

Levocin tetes mata tersedia dalam kemasan botol 5 ml. Levocin Tetes Mata 5 ml merupakan obat resep sehingga penggunaanya harus sesuai arahan dokter.

Levocin tetes mata tidak dapat digunakan untuk mengobati konjungtivitis akibat virus maupun jamur. Agar penggunaannya tepat sasaran, berkonsultasilah ke dokter sebelum memakai obat ini jika memiliki keluhan tertentu pada mata. Untuk mendapat respons yang cepat, berkonsultasilah melalui Chat Bersama Dokter.

Hal penting lain yang perlu Anda perhatikan sebelum menggunakan Levocin tetes mata untuk diri sendiri atau memberikannya kepada anak:

Rekomendasi dosis levofloxacin dalam Levocin tetes mata untuk mengobati konjungtivitis bakterial adalah 1–2 tetes pada mata yang sakit setiap 2 jam (maksimal 8 kali per hari) selama 2 hari pertama. Frekuensi pemakaian obat dikurangi menjadi 4 kali sehari pada hari ke-3 sampai hari ke-5 pengobatan.

Gunakanlah Levocin tetes mata sesuai anjuran dokter dan petunjuk yang tertera pada kemasan. Jangan menggunakan tetes mata ini terlalu banyak atau terlalu sering, tetapi secukupnya saja sesuai aturan pakai.

Berikut adalah cara menggunakan Levocin tetes mata yang benar:

Obat mata, seperti Levocin tetes mata, jarang menimbulkan efek interaksi dengan obat lain. Namun, tidak tertutup kemungkinan levofloxacin dalam obat ini bisa berinteraksi dengan obat atau bahan aktif tertentu.

Agar aman, jangan memakai obat mata lain selama menjalani pengobatan dengan Levocin kecuali jika disarankan oleh dokter.

Apabila Anda sedang menggunakan obat mata lain, beri jeda 5–10 menit setelah memakai Levocin tetes mata. Jika menggunakan salep mata dan tetes mata, gunakanlah tetes mata terlebih dahulu.

Penggunaan produk levofloxacin tetes mata, termasuk Levocin tetes mata, dapat menimbulkan efek samping berupa:

Konsultasikan dengan dokter melalui chat jika efek samping yang muncul tidak membaik atau malah tambah parah.

Hentikan penggunaan Levocin tetes mata dan segera hubungi dokter jika gejala infeksi mata yang Anda alami memburuk, muncul gejala baru pada mata yang sangat mengganggu, atau timbul keluhan serius berikut ini:

Guna mendapatkan respons yang cepat, Anda bisa melakukan konsultasi online melalui Chat Bersama Dokter. Melalui chat, dokter dapat memberikan saran dan pengobatan untuk meredakan efek samping. Jika diperlukan pertolongan medis secepatnya, segeralah ke IGD rumah sakit terdekat.

Lihat lebih lanjut mengenai:",https://www.alodokter.com/levocin-tetes-mata,2025-11-07T06:36:26.360499
Levofloxacin Tetes Mata,Unknown,Unknown,301,2158,"Levofloxacin tetes mata adalah antibiotik untuk mengobati konjungtivitis akibat infeksi bakteri di mata. Obat ini diteteskan langsung ke mata sehingga cepat mengatasi infeksi. Obat ini hanya boleh digunakan sesuai dengan anjuran dokter.

Levofloxacin sediaan tetes mata mampu membunuh bakteri penyebab infeksi mata. Cara kerja obat ini adalah menghambat enzim yang dibutuhkan oleh bakteri untuk tumbuh dan berkembang biak. Alhasil, bakteri mati dan infeksi mata beserta gejalanya bisa sembuh.

Perlu diingat bahwa levofloxacin tetes mata tidak bisa digunakan untuk mengobati infeksi mata yang disebabkan oleh virus atau jamur.

Merek dagang levofloxacin tetes mata: Cendo LFX, Cravit Tetes Mata, Levofloxacin Hemihydrate, Levocin, Opexa, dan Optiflox.

Berikut adalah beberapa hal yang perlu diperhatikan sebelum menjalani pengobatan konjungtivitis dengan tetes mata levofloxacin:

Dosis levofloxacin tetes mata untuk mengatasi konjungtivitis bakterial adalah 1–2 tetes pada mata yang sakit setiap 2 jam (maksimal 8 kali per hari) selama 2 hari pertama. Frekuensi pemakaian obat dikurangi menjadi 4 kali sehari pada hari ke-3 sampai hari ke-5 pengobatan.

Gunakan levofloxacin tetes mata sesuai anjuran dokter dan aturan pakai yang tertera pada label kemasan obat. Jangan menggunakan obat ini terlalu banyak atau terlalu sering, tetapi secukupnya saja sesuai arahan dokter.

Agar hasil pengobatan optimal, pastikan untuk mengikuti panduan penggunaan tetes mata levofloxacin berikut ini:

Obat yang diteteskan ke mata jarang menimbulkan efek interaksi dengan obat lain. Namun, tidak tertutup kemungkinan levofloxacin tetes mata bisa berinteraksi dengan obat atau bahan aktif tertentu.

Agar aman, konsultasikan dengan dokter jika Anda akan menggunakan tetes mata atau salep mata pada mata yang sedang diobati dengan levofloxacin tetes mata.

Efek samping yang bisa terjadi akibat pemakaian levofloxacin tetes mata adalah:

Hubungi dokter jika efek samping yang muncul tidak kunjung mereda atau malah memberat. Jangan tunda ke dokter jika setelah memakai levofloxacin tetes mata timbul reaksi alergi obat atau keluhan berikut ini:

Lihat lebih lanjut mengenai:",https://www.alodokter.com/levofloxacin-tetes-mata,2025-11-07T06:36:28.851293
Kanker Mata Melanoma,Unknown,Unknown,750,5465,"Kanker mata melanoma adalah tumor ganas yang menyerang sel melanosit di mata. Melanosit adalah sel yang berfungsi untuk memproduksi pigmen warna (melanin) pada kulit, rambut, dan mata. Kebanyakan kanker mata melanoma terjadi pada bagian mata yang tidak terlihat, sehingga sulit dideteksi.

Kanker mata melanoma merupakan kondisi yang sangat langka. Meski begitu, penyakit ini merupakan jenis kanker mata primer yang paling umum terjadi pada orang dewasa. Kanker mata primer adalah kanker yang berasal dari sel-sel di mata itu sendiri, bukan kanker yang menyebar dari bagian tubuh lain.

Kanker mata melanoma sering kali tumbuh di lapisan tengah mata (uvea), yang terdiri atas selaput pelangi mata (iris), lapisan pembuluh darah mata (koroid), dan jaringan ikat yang terletak di antaranya. Kanker mata melanoma yang terjadi di uvea disebut juga dengan melanoma intraokular.

Kanker mata sulit terdeteksi karena jarang menimbulkan gejala spesifik pada stadium awal. Akan tetapi, pada tahap lanjut, pertumbuhan sel kanker bisa menyebabkan penglihatan kabur, munculnya floaters, bahkan kebutaan.

Kanker mata melanoma terjadi ketika materi genetik di dalam sel melanosit mengalami mutasi atau perubahan. Mutasi ini mengakibatkan sel tersebut tumbuh secara tidak terkendali dan membentuk jaringan kanker.

Penyebab mutasi itu sendiri belum diketahui secara pasti. Namun, ada beberapa faktor yang bisa meningkatkan risiko seseorang terkena kanker mata melanoma, yaitu:

Selain beberapa kondisi di atas, pekerjaan tertentu, misalnya tukang las, juga bisa meningkatkan risiko terjadinya kanker mata melanoma. Namun, hal tersebut masih perlu diteliti lebih lanjut.

Kanker mata melanoma dapat terjadi pada bagian mata mana pun, termasuk lapisan mata bagian luar (konjungtiva). Namun, kondisi ini paling sering menyerang uvea mata yang tidak dapat terlihat dari luar.

Biasanya, kanker mata melanoma tidak menimbulkan gejala apa pun selama bertahun-tahun. Kanker mata melanoma yang sampai menimbulkan keluhan tergantung pada lokasi dan ukuran kanker, serta apakah pertumbuhan sel kanker sudah memengaruhi retina, yaitu bagian mata yang berperan dalam proses penglihatan.

Secara umum, gejala kanker mata melanoma antara lain:

Seperti yang disebutkan di atas, kanker mata melanoma sering kali tidak menunjukkan gejala apa pun pada awal kemunculannya. Kebanyakan kasus juga timbul pada area yang tidak dapat dilihat secara langsung. Selain itu, jenis kanker ini juga jarang terjadi sehingga gejala bisa saja disebabkan oleh kelainan mata selain kanker.

Bila mengalami gejala-gejala yang disebutkan di atas, Anda bisa berkonsultasi online melalui Chat Bersama Dokter. Pada sesi konsultasi, dokter mungkin akan meminta foto mata Anda dan menanyakan gejala-gejala yang muncul.

Jika dari hasil pemeriksaan dan tanya jawab diperlukan pemeriksaan lanjutan, dokter bisa merujuk Anda ke dokter spesialis mata dengan keahlian yang sesuai dengan kondisi Anda.

Diagnosis kanker mata melanoma dimulai dengan tanya jawab mengenai kondisi pasien, antara lain:

Selanjutnya, dokter akan melakukan pemeriksaan fisik pada mata. Pada pemeriksaan ini, dokter mungkin akan meneteskan obat pada mata untuk memperbesar pupil. Hal ini bertujuan agar dokter bisa melihat seluruh bagian mata dengan jelas.

Untuk memastikan diagnosis, dokter akan menjalankan pemeriksaan lanjutan berikut ini:

Selain pemeriksaan di atas, dokter mungkin juga akan melakukan pemeriksaan penunjang untuk menentukan apakah kanker mata melanoma telah menyebar ke organ lain di tubuh. Pemeriksaan tersebut antara lain tes darah, foto Rontgen dada, CT scan, MRI, USG perut, atau PET scan.

Metode pengobatan kanker mata melanoma tergantung pada lokasi, ukuran, stadium, serta usia dan kondisi kesehatan pasien secara keseluruhan. Jika melanoma masih berukuran sangat kecil dan tidak membesar, dokter akan meminta pasien untuk kontrol rutin dan mengawasi pertumbuhan jaringan kanker.

Apabila melanoma tumbuh dengan cepat, dokter akan melakukan metode pengobatan tertentu, seperti:

Radioterapi dilakukan dengan menembakkan sinar radiasi berenergi tinggi ke jaringan kanker. Radioterapi biasanya dilakukan untuk mengatasi kanker mata yang berukuran kecil hingga sedang. Jenis radioterapi yang umum digunakan untuk menangani kanker mata melanoma adalah brakiterapi.

Operasi bertujuan untuk mengangkat jaringan melanoma di mata. Jenis operasi yang dilakukan tergantung pada ukuran dan lokasi kanker melanoma. Jika kanker berukuran kecil, operasi dilakukan dengan mengangkat jaringan kanker dan sedikit jaringan sehat di sekeliling kanker.

Pada kanker mata melanoma yang berukuran besar dan sudah mengenai saraf optik, operasi dilakukan untuk mengangkat seluruh bola mata (enukleasi).

Setelah pengangkatan bola mata, dokter akan melakukan pemasangan bola mata palsu yang mirip dengan bola mata asli. Namun, prosedur ini mungkin membutuhkan waktu karena perlu menunggu pasien pulih dari operasi sebelumnya.

Sementara itu, pada kanker melanoma yang tumbuh di permukaan mata, pengobatan yang dilakukan dapat berupa operasi pengangkatan luka (lesi) yang terbentuk akibat kanker, kemoterapi, radioterapi, atau krioterapi.

Jika tidak ditangani dengan baik, kanker mata melanoma dapat menimbulkan komplikasi di bawah ini:

Kanker mata melanoma sulit dicegah karena penyebabnya masih belum diketahui secara pasti. Namun, Anda bisa menghindari faktor-faktor yang dapat meningkatkan risiko terjadinya kondisi ini, misalnya dengan:",https://www.alodokter.com/kanker-mata-melanoma,2025-11-07T06:36:31.264796
Mata Gatal,Unknown,Unknown,797,5643,"Mata gatal adalah gejala yang dapat terjadi akibat alergi atau infeksi pada mata. Kondisi ini umumnya tidak berbahaya. Namun, gatal pada mata yang berlangsung lama bisa menimbulkan rasa tidak nyaman dan mengganggu aktivitas sehari-hari.

Mata gatal sering kali disertai air mata berlebih, bengkak, atau kemerahan pada mata. Gatal juga mungkin bisa terjadi di area sekitar mata, termasuk bagian kelopak mata.

Mata gatal umumnya tidak berlangsung lama. Kondisi ini bisa mereda dengan terapi mandiri di rumah atau bahkan hilang dengan sendirinya. Namun, jika mata gatal tidak kunjung mereda dan disertai dengan gejala lain, diperlukan pemeriksaan oleh dokter agar penyebabnya diketahui dan ditangani dengan tepat.

Penyebab mata gatal umumnya adalah alergi. Namun, ada juga kondisi lain yang dapat memicu gatal pada mata, seperti:

Alergi bisa terjadi ketika tubuh terpapar alergen, yaitu zat yang dapat menimbulkan reaksi alergi. Akibatnya, tubuh akan melepaskan histamin yang kemudian menyebabkan pembuluh darah di mata melebar. Hasilnya mata menjadi gatal dan berair.

Ada beberapa jenis alergen yang bisa menyebabkan mata gatal. Alergen ini bisa berupa debu, asap, serbuk sari, serta kutu atau bulu hewan. Selain itu, keluhan mata gatal juga mungkin bisa muncul akibat bahan-bahan kimia yang terdapat pada sabun, make up, parfum, atau losion.

Partikel kecil, seperti bulu mata, pasir, atau debu, dapat masuk ke mata dan menyebabkan iritasi. Selain gatal, iritasi mata akibat benda asing juga dapat menimbulkan gejala lain pada mata, seperti mata berair atau nyeri.

Infeksi virus, bakteri, atau jamur bisa menyebabkan mata gatal. Salah satu infeksi pada mata yang sering terjadi adalah konjungtivitis. Kondisi ini menyebabkan mata gatal dan berubah menjadi merah muda. Konjungtivitis sangat menular dan sering disertai dengan keluarnya cairan dari mata yang terinfeksi.

Infeksi lain yang cukup sering terjadi adalah uveitis, yaitu peradangan pada lapisan tengah mata. Tidak hanya menyebabkan gatal pada mata, kondisi ini juga membuat mata nyeri dan sensitif terhadap cahaya.

Air mata terdiri dari campuran air, lendir (mukus), dan minyak. Air mata membantu menjaga mata agar tetap lembab dan segar. Bila produksi air mata berkurang, mata akan terasa kering dan lebih mudah teriritasi. Akibatnya mata bisa terasa gatal.

Pemakaian obat-obatan tertentu, seperti antidepresan, pil KB, atau dekongestan, juga dapat menyebabkan efek samping mata kering. Selain itu, faktor usia dan terlalu lama berada di luar ruangan dapat meningkatkan risiko terjadinya mata kering.

Blepharitis adalah peradangan di kelopak mata. Kondisi ini terjadi akibat penyumbatan pada kelenjar minyak di dekat akar bulu mata. Blepharitis bukanlah kondisi yang serius dan tidak menular, tetapi dapat menyebabkan mata berair, bengkak, dan juga gatal.

Terlalu lama menatap layar komputer maupun ponsel, atau berada di ruangan ber-AC dapat menyebabkan mata lelah. Kurangnya waktu tidur dan mengemudi dalam durasi yang panjang juga membuat mata cepat lelah sehingga menimbulkan keluhan mata gatal, nyeri, dan berair.

Memakai lensa kontak terlalu lama atau tidak menggantinya secara teratur dapat mengiritasi mata sehingga membuat mata gatal dan merah. Lensa kontak yang sudah terlalu lama dipakai juga membuat debu dan kotoran tertimbun di mata dan dapat menyebabkan infeksi.

Gejala yang menyertaimata gatal dapat berbeda-beda, tergantung pada penyebabnya. Umumnya, mata gatal diikuti dengan keluhan berikut:

Mata gatal umumnya akan reda setelah pemicu gatal atau infeksi dihindari. Bila ragu, Anda bisa berkonsultasi terlebih dahulu lewat Chat Bersama Dokter agar mendapatkan jawaban yang tepat dan cepat. Dokter dapat memberikan saran penanganan yang bisa Anda lakukan di rumah.

Segera periksakan diri ke dokter jika mata gatal tidak kunjung membaik atau disertai kondisi di bawah ini:

Untuk mendiagnosis mata gatal, dokter akan menanyakan gejala yang dialami dan penyakit yang pernah atau sedang diderita pasien. Pada beberapa kasus tertentu, dokter akan melakukan tes tambahan, seperti tes alergi atau pemeriksaan mata.

Pada mata yang gatal mengeluarkan cairan, dokter akan mengambil sampel untuk pemeriksaan lebih lanjut.

Pengobatan mata gatal dilakukan berdasarkan penyebab yang mendasarinya. Gatal pada mata bisa ditangani dengan perawatan di rumah atau dengan menggunakan obat-obatan yang tepat. Berikut adalah penjelasannya:

Untuk mengatasi mata gatal ringan akibat iritasi, kompres mata dengan menggunakan waslap bersih yang telah direndam air dingin. Anda dapat menggunakan waslap bersih yang telah direndam air hangat untuk menyeka mata gatal yang mengeluarkan cairan atau belek.

Untuk menurunkan risiko menyebarnya infeksi, pastikan untuk mencuci tangan setelah melakukan perawatan ini.

Sementara itu, jika gatal pada mata disebabkan oleh mata kering, usahakan untuk menjaga kelembapan udara. Salah satu caranya adalah dengan menggunakan pelembap udara.

Kondisi mata gatal akibat reaksi alergi maupun infeksi bakteri, jamur, atau virus dapat ditangani dengan obat-obatan, antara lain:

Mata gatal jarang menyebabkan komplikasi yang berbahaya. Namun, mata gatal yang terjadi terus-menerus dapat menyebabkan mata terasa tidak nyaman dan mengganggu aktivitas sehari-hari.

Mengucek mata merupakan salah satu tindakan yang sering dilakukan saat mata terasa gatal. Namun, terlalu sering mengucek mata dapat membuat mata teriritasi. Mengucek mata terlalu sering juga bisa menyebabkan pandangan kabur, penglihatan ganda, atau kelainan pada kelengkungan kornea maupun lensa mata (astigmatisme).

Keluhan mata gatal bisa dicegah dengan beberapa cara, yaitu:",https://www.alodokter.com/mata-gatal,2025-11-07T06:36:33.654030
Gatifloxacin Tetes Mata,Unknown,Unknown,247,1850,"Gatifloxacin tetes mata adalah obat untuk mengatasi infeksi bakteri pada mata, seperti konjungtivitis. Obat tetes mata ini hanya boleh digunakan dengan resep dokter.

Gatifloxacin tetes mata bekerja dengan cara menghambat kerja enzim yang dibutuhkan bakteri untuk berkembang biak. Dengan begitu, infeksi mata akibat bakteri dapat berhenti.

Obat tetes mata ini juga bisa digunakan untuk mencegah terjadinya infeksi bakteri setelah menjalani operasi mata.

Merek dagang Gatifloxacin Tetes Mata: Gaforin dan Cendo Giflox

Gatifloxacin tetes mata harus digunakan sesuai saran dari dokter dan aturan pakai yang tertera pada kemasannya. Sebelum menggunakan obat ini, perhatikan hal-hal berikut:

Dosis dan aturan pakai gatifloxacin tetes mata ditentukan oleh dokter sesuai kondisi pasien. Berikut adalah dosis gatifloxacin tetes mata:

Ikuti anjuran dokter dan bacalah aturan pakai yang tertera pada kemasan obat sebelum menggunakan gatifloxacin tetes mata. Jangan menambah atau mengurangi dosis tanpa persetujuan dokter.

Supaya hasil pengobatan maksimal, ikutilah cara menggunakan gatifloxacin tetes mata berikut ini:

Gatifloxacin tetes mata biasanya tidak berinteraksi dengan obat lain. Namun, agar aman, selalu konsultasikan dengan dokter jika hendak menggunakan gatifloxacin tetes mata bersama dengan obat, vitamin, suplemen, dan produk herbal lain.

Efek samping yang bisa terjadi setelah menggunakan gatifloxacin tetes mata adalah:

Lakukan konsultasi online dengan dokter jika efek samping tersebut tidak kunjung membaik. Dokter akan memberikan saran dan pengobatan untuk mengatasi efek samping tersebut.

Meski jarang, gatifloxacin tetes mata dapat menyebabkan reaksi alergi atau efek samping berikut:

Bila hal tersebut terjadi, segeralah ke IGD rumah sakit terdekat untuk mendapatkan pertolongan medis secepatnya.

Lihat lebih lanjut mengenai:",https://www.alodokter.com/gatifloxacin-tetes-mata,2025-11-07T06:36:36.060488
Mata Bengkak,Unknown,Unknown,621,4554,"Mata bengkak adalah kondisi akibat penumpukan cairan di sekitar mata. Kondisi ini biasanya tidak berbahaya dan sembuh dengan sendirinya dalam beberapa hari. Namun, bila disebabkan oleh infeksi atau peradangan, mata bengkak dapat menyebabkan gangguan penglihatan dan perlu diperiksakan ke dokter.

Mata bengkak yang terjadi sehari-hari biasanya disebabkan oleh kurang tidur atau menangis. Mata bengkak pada kondisi ini dapat segera reda dengan penanganan sederhana, seperti kompres dingin.

Namun, mata bengkak yang berlangsung lebih dari 1 hari bahkan disertai nyeri sampai mengganggu aktivitas sehari-hari perlu diwaspadai. Kondisi ini bisa menjadi gejala dari penyakit pada mata maupun kelopak mata, yang bisa menimbulkan komplikasi jika tidak segera diatasi.

Mata bengkak di sisi kiri atau kanan maupun keduanya juga bisa muncul sebagai gejala beberapa kondisi medis, misalnya infeksi atau peradangan di area mata, yang  meliputi:

Mata bengkak sesekali terjadi akibat kondisi yang tidak berbahaya, misalnya:

Mata bengkak juga bisa muncul sebagai gejala beberapa kondisi medis, misalnya infeksi atau peradangan di area mata,yang  meliputi:

Pada beberapa kasus, mata bengkak juga dapat terjadi akibat kanker mata. Namun, kondisi ini cukup jarang terjadi.

Mata bengkak pada umumnya ditandai dengan:

Jika mata bengkak disebabkan oleh penyakit tertentu, akan ada keluhan lain yang spesifik, tergantung pada penyebabnya. Berikut adalah beberapa gejala yang bisa menyertai mata bengkak:

Mata bengkak umumnya tidak berbahaya. Anda bisa melakukan konsultasi online dengan dokter untuk memastikan penyebabnya, serta mendapatkan saran perawatan dan obat yang sesuai dengan kondisi Anda.

Segera periksakan diri ke dokter jika gejala mata bengkak tidak membaik atau malah memburuk setelah 1–2 hari, atau bila disertai keluhan lain seperti yang disebutkan di atas, terutama jika ada:

Untuk mendiagnosis mata bengkak, dokter akan terlebih dahulu menanyakan sejak kapan mata bengkak terjadi. Dokter juga akan menanyakan pemicu sebelum mata bengkak muncul, misalnya:

Setelah itu, dokter akan melakukan pemeriksaan dengan melihat kondisi mata, yang meliputi:

Bila diperlukan, dokter juga akan melakukan pemeriksaan penunjang guna menentukan penyebab dari mata bengkak. Pemeriksaan yang dimaksud antara lain:

Pengobatan mata bengkak dilakukan sesuai penyebab yang mendasarinya. Keluhan ini bisa ditangani dengan perawatan mandiri atau obat-obatan dari dokter. Berikut adalah penjelasannya:

Mata bengkak tanpa tanda bahaya bisa diatasi dengan perawatan sederhana. Lakukan hal-hal di bawah ini sebagai penanganan awal mata bengkak:

Antibiotik dapat diberikan untuk mata bengkak yang disebabkan oleh infeksi bakteri. Tergantung pada tingkat keparahan infeksi, obat ini bisa diberikan dalam bentuk tetes mata, salep mata, maupun obat minum. Infeksi yang parah, seperti selulitis orbita, biasanya membutuhkan antibiotik minum atau bahkan infus.

Contoh antibiotik yang diberikan untuk mengatasi infeksi pada mata bengkak antara lain:

Antihistamin dapat diberikan untuk mengatasi mata bengkak yang disebabkan oleh alergi. Obat ini bisa diberikan dalam sediaan tetes mata atau obat minum, tergantung pada tingkat keparahan reaksi alergi.

Contoh antihistamin yang diberikan untuk mengatasi mata bengkak akibat alergi meliputi:

Beberapa obat lain juga bisa diberikan pada mata bengkak jika penyebabnya bukan infeksi maupun alergi, atau guna mengatasi gejala lain yang menyertai mata bengkak, misalnya:

Pada beberapa kasus, operasi mata dilakukan untuk mengatasi mata bengkak akibat cedera maupun infeksi yang parah, misalnya endoftalmitis. Tujuanya adalah untuk mengurangi kerusakan akibat cedera dan mencegah infeksi menyebar ke bagian tubuh lain.

Pada mata bengkak yang disebabkan oleh penuaan atau kulit yang kendur, tindakan operasi kelopak mata (blepharoplasty) juga dapat dilakukan. Operasi ini bertujuan untuk mengurangi kantung tempat penumpukan cairan saat mata bengkak, yaitu dengan cara menghilangkan jaringan kulit serta lemak berlebih di kelopak mata.

Bila tidak ditangani dengan tepat, mata bengkak bisa memburuk hingga memicu komplikasi serius, seperti:

Kulit sekitar mata cukup tipis sehingga rentan terluka atau terinfeksi, sampai mata jadi bengkak. Beberapa cara yang bisa dilakukan untuk mencegah mata bengkak adalah:

Pastikan pula untuk rutin menjalani pemeriksaan mata, terutama apabila ada kondisi kesehatan khusus yang dapat meningkatkan risiko terjadinya gangguan mata. Lakukan pemeriksaan mata secara rutin sesuai usia di bawah ini:",https://www.alodokter.com/mata-bengkak,2025-11-07T06:36:38.558467
Ciprofloxacin Tetes Mata,Unknown,Unknown,524,3698,"Ciprofloxacin tetes mata adalah antibiotik untuk mengatasi infeksi bakteri di mata, seperti konjungtivitis dan ulkus kornea yang terinfeksi. Ciprofloxacin tetes mata hanya bisa dibeli dengan resep dokter.

Ciprofloxacin tetes mata bekerja dengan cara membunuh bakteri penyebab infeksi pada mata. Obat antibiotik ini menghambat enzim yang dibutuhkan bakteri untuk memperbanyak diri dan bertahan hidup.

Ciprofloxacin tetes mata tidak bisa mengobati infeksi mata yang disebabkan oleh jamur atau virus.

Merek dagang ciprofloxacin tetes mata: Akilen, Baquinor, Interflox, Ulcori, Ximex Cylowam

Berikut ini adalah beberapa hal yang perlu diperhatikan sebelum menjalani pengobatan dengan ciprofloxacin tetes mata:

Berikut adalah dosis ciprofloxacin tetes mata 0,3% berdasarkan kondisi yang dialami pasien:

Kondisi: Infeksi mata, konjungtivitis

Dewasa dan anak usia ≥1 tahun: 1–2 tetes pada mata yang sakit, 4 kali sehari. Untuk infeksi mata yang parah, teteskan 1–2 tetes per 2 jam selama 2 hari pertama, dilanjutkan dengan 4–6 kali sehari di hari ke-3 dan seterusnya. Lama pengobatan maksimal 21 hari.

Kondisi: Ulkus kornea

Dewasa dan anak usia ≥1 tahun: 2 tetes tiap 15 menit pada 6 jam pertama pemakaian, dilanjutkan dengan 2 tetes per tiap 30 menit di sisa hari pertama. Pada hari kedua, 2 tetes setiap 1 jam. Pada hari ke-3 dan seterusnya, 2 tetes setiap 4 jam. Lama pengobatan maksimal 21 hari.

Ikuti instruksi dokter dan baca petunjuk penggunaan pada kemasan obat sebelum menggunakan ciprofloxacin tetes mata. Jangan menambah atau mengurangi dosis, dan jangan menggunakan obat ini melebihi jangka waktu pengobatan yang dianjurkan dokter.

Pastikan untuk mencuci tangan dan mengeringkannya sebelum menggunakan ciprofloxacin tetes mata. Kocok botol tetes mata sebelum obat digunakan.

Untuk memakai obat tetes mata, dongakkan kepala dan tarik kelopak mata bawah agar membentuk kantung. Setelah itu, teteskan 1 tetes obat ke dalam mata dan tutup mata secara perlahan. Diamkan selama 1–2 menit dan jangan mengedip atau mengucek mata.

Ulangi proses di atas bila dosis yang dianjurkan lebih dari 1 tetes. Jika Anda terkena infeksi di kedua mata, lakukan langkah-langkah di atas pada kedua mata. Usahakan ujung botol tetes mata tidak menyentuh permukaan apa pun untuk menghindari kontaminasi.

Jangan menghentikan penggunaan ciprofloxacin tetes mata tanpa berkonsultasi dengan dokter terlebih dahulu meski keluhan sudah hilang. Berhenti menggunakan ciprofloxacin tetes mata sebelum waktunya bisa meningkatkan risiko infeksi kambuh dan lebih sulit untuk diobati.

Simpan ciprofloxacin tetes mata di tempat sejuk dan terhindar dari sinar matahari langsung. Jauhkan obat dari jangkauan anak-anak.

Belum diketahui efek interaksi yang bisa terjadi jika ciprofloxacin tetes mata diberikan bersamaan dengan obat-obatan lain. Namun, untuk menghindari interaksi antarobat yang tidak diinginkan, beri tahu dokter obat, produk herbal, atau suplemen yang sedang Anda gunakan.

Jika Anda sedang menggunakan obat mata lain, beri jeda 5–10 menit sebelum menggunakan ciprofloxacin tetes mata. Jika Anda menggunakan obat tetes dan salep mata, gunakan tetes mata terlebih dahulu.

Beberapa efek samping yang mungkin timbul setelah penggunaan ciprofloxacin tetes mata adalah:

Efek samping di atas umumnya bersifat ringan dan berlangsung sementara. Namun, jika tidak kunjung membaik atau justru bertambah parah, segera konsultasikan ke dokter.

Periksakan ke dokter jika mengalami reaksi alergi obat, atau efek samping serius, seperti gangguan penglihatan yang memburuk, mata terus-menerus mengeluarkan air mata atau kotoran, mata terasa nyeri dan bengkak, atau perubahan warna mata.

Lihat lebih lanjut mengenai:",https://www.alodokter.com/ciprofloxacin-tetes-mata,2025-11-07T06:36:40.998369
Diclofenac Tetes Mata,Unknown,Unknown,419,3144,"Diclofenac tetes mata adalah obat untuk meredakan keluhan nyeri, bengkak, dan silau yang timbul setelah operasi mata. Obat tetes mata ini juga bisa digunakan untuk mengatasi mata merah (konjungtivitis) karena alergi atau iritasi.

Diclofenac memiliki efek antiradang sekaligus antinyeri. Diclofenac tetes mata bekerja menghambat kinerja zat prostaglandin yang memicu gejala radang pada mata. Dengan begitu, peradangan dan gejala yang menyertainya, seperti nyeri, kemerahan, dan bengkak pada mata, bisa mereda.

Dokter dapat meresepkan diclofenac tetes mata sebelum atau setelah operasi mata berikut ini:

Diclofenac tetes mata juga digunakan untuk mencegah pupil mengecil selama operasi katarak. Tujuannya adalah untuk memudahkan dokter dalam melakukan operasi. Selain itu, diclofenac tetes mata juga digunakan untuk meredakan nyeri mata karena cedera.

Merek dagang diclofenac tetes mata: Cataflam, Flamar, Noncort

Ada beberapa hal yang perlu Anda perhatikan mengenai penggunaan tetes mata diclofenac, yaitu:

Berikut adalah rincian dosis diclofenac tetes mata untuk orang dewasa berdasarkan tujuan penggunaannya:

Tujuan: Mengatasi peradangan pascaoperasi mata juling

Tujuan: Mengatasi peradangan setelah operasi katarak

Tujuan: Mengontrol peradangan setelah trabeculoplasty

Tujuan: Mengurangi nyeri pascaoperasi radial keratotomy

Tujuan: Mengurangi nyeri setelah operasi refraksi kornea atau LASIK

Tujuan: Mengurangi nyeri setelah photorefractive keratectomy

Tujuan: Meredakan nyeri akibat cedera pada mata

Tujuan: Mencegah penyempitan pupil mata selama operasi katarak

Tujuan: Meredakan gejala konjungtivitis alergi

Pemberian diclofenac tetes mata pada prosedur operasi mata biasanya dilakukan oleh dokter mata atau petugas medis di rumah sakit. Obat ini juga dapat digunakan secara mandiri atas arahan dokter, baik sebelum maupun sesudah operasi di rumah sakit, dan selama masa pemulihan.

Jika Anda berencana menjalani operasi mata, pastikan untuk datang ke rumah sakit bersama pendamping dan jangan mengemudi sendirian.

Adapun untuk mengatasi konjungtivitis alergi atau nyeri akibat cedera mata, diclofenac dapat digunakan secara mandiri. Apabila Anda kesulitan memakainya sendiri, mintalah bantuan orang lain untuk meneteskan obat ini.

Ikuti anjuran dokter dan bacalah informasi yang tertera pada kemasan sebelum menggunakan obat ini. Jangan memakainya terlalu banyak atau terlalu sering, tetapi secukupnya saja sesuai aturan pakai.

Berikut adalah cara menggunakan tetes mata diclofenac dengan benar:

Efek interaksi yang bisa terjadi jika diclofenac tetes mata digunakan bersama obat lain adalah:

Agar terhindar dari efek interaksi yang tidak diinginkan, pastikan untuk memberi tahu dokter sebelum menggunakan diclofenac tetes mata bersama obat lain.

Efek Samping dan Bahaya Diclofenac Tetes Mata

Efek samping yang bisa terjadi setelah memakai diclofenac tetes mata antara lain:

Periksakan mata Anda ke dokter jika keluhan tersebut tidak membaik atau makin parah. Hentikan pemakaian diclofenac tetes mata dan segera cari pertolongan medis jika mengalami reaksi alergi obat atau efek samping yang lebih serius, seperti:",https://www.alodokter.com/diclofenac-tetes-mata,2025-11-07T06:36:43.407619
Mata Berdarah,Unknown,Unknown,524,3876,"Mata berdarah adalah kondisi medis yang ditandai dengan munculnya darah di dalam atau di sekitar mata. Kondisi ini bisa disebabkan oleh banyak hal, mulai dari pecahnya pembuluh darah kecil sampai kondisi medis yang lebih serius, seperti cedera atau infeksi.

Istilah mata berdarah tidak hanya mengacu pada satu kondisi medis tertentu. Darah pada mata bisa muncul di permukaan bola mata, bercampur dengan air mata, atau bahkan memenuhi ruang di antara kornea dan iris mata. Masing-masing kondisi ini memiliki penyebab, tingkat keparahan, serta penanganan yang berbeda.

Meski munculnya darah pada mata terkesan serius dan menakutkan, sebagian besar kondisi ini umumnya tidak berbahaya dan bisa sembuh dengan sendirinya. Namun, jika mata berdarah disertai nyeri hebat, gangguan penglihatan, atau terjadi setelah cedera, segera periksakan diri ke dokter karena hal tersebut bisa menjadi tanda kondisi yang lebih serius.

Mata berdarah dapat disebabkan oleh berbagai kondisi medis yang melibatkan perdarahan pada struktur mata. Berikut ini adalah beberapa kondisi medis yang dapat menyebabkan mata berdarah:

Ada beberapa faktor yang bisa meningkatkan risiko seseorang mengalami mata berdarah, yaitu:

Mata berdarah merupakan gejala dari penyakit lain. Oleh karena itu, gejalanya dapat bervariasi. Ketika keluhan ini muncul, penderitanya juga bisa mengalami peningkatan tekanan pada bola mata, atau gejala lain, seperti:

Segera periksakan diri ke dokter atau IGD rumah sakit terdekat jika Anda mengalami gejala mata berdarah yang disertai dengan nyeri hebat, gangguan penglihatan, atau pembengkakan, terutama jika sebelumnya mata mengalami benturan atau cedera.

Untuk menentukan penyebab mata berdarah, dokter akan akan melakukan tanya jawab dengan pasien terkait gejala, cedera yang mungkin pernah terjadi pada mata, riwayat operasi mata, penyakit yang pernah diderita, termasuk pekerjaan dan gaya hidup pasien.

Setelah itu, dokter akan mengukur tekanan darah pasien dan melakukan pemeriksaan fisik pada mata untuk memastikan kondisi berikut:

Untuk memastikan diagnosis dan mengetahui penyebab pastinya, dokter mungkin akan melakukan pemeriksaan penunjang, seperti:

Pengobatan mata berdarah dilakukan berdasarkan penyebab perdarahan yang terjadi. Berikut adalah pengobatan atau tindakan yang dapat dilakukan untuk mengatasi mata berdarah berdasarkan penyebabnya:

Mata berdarah yang disebabkan oleh perdarahan subkonjungtiva akan sembuh dengan sendirinya. Darah di mata akan terserap dalam waktu sekitar 1 hingga 2 minggu. Namun, jika mata terasa gatal atau tidak nyaman, dokter akan meresepkan obat tetes mata, seperti air mata buatan, untuk membantu meredakan gejala tersebut.

Jika haemolacria disebabkan oleh infeksi atau peradangan, umumnya dokter akan meresepkan obat tetes mata antibiotik atau antiinflamasi. Sementara pada haemolacria yang disebabkan oleh tumor, tindakan pembedahan bisa dilakukan.

Mata berdarah akibat hifema harus ditangani secepatnya. Pasien akan diminta untuk beristirahat dengan kepala sedikit ditinggikan dan menghindari aktivitas berat. Pasien juga akan diberikan obat tetes mata, seperti kortikosteroid, untuk mencegah perdarahan dan mengurangi bengkak akibat peradangan.

Dalam kasus yang lebih parah, operasi dibutuhkan untuk mengeluarkan darah dari dalam mata. Prosedur ini dilakukan jika terjadi perdarahan parah atau bila gejalanya cukup berat sehingga berisiko merusak mata secara permanen.

Jika tidak ditangani dengan baik, mata berdarah dapat menimbulkan berbagai komplikasi di bawah ini:

Seperti disebutkan di atas, mata berdarah bisa menyebabkan kondisi berbahaya.Untuk mencegah terjadinya mata berdarah, ada upaya yang dapat dilakukan, antara lain:

Dokter akan menyarankan pasien yang menggunakan obat pengencer darah untuk berhenti minum obat tersebut bila diduga menjadi penyebab atau faktor risiko terjadinya mata berdarah.",https://www.alodokter.com/mata-berdarah,2025-11-07T06:36:45.806798
Moxifloxacin Tetes Mata,Unknown,Unknown,400,2901,"Moxifloxacin tetes mata adalah obat antibiotik untuk mengatasi infeksi bakteri di mata, seperti konjungtivitis bakterial. Obat ini hanya bisa dibeli dengan resep dokter.

Moxifloxacin tetes mata bekerja dengan cara menghambat enzim pada bakteri yang diperlukannya untuk berkembang biak dan bertahan hidup. Dengan begitu, bakteri akan berhenti tumbuh dan akhirnya mati.

Perlu diingat bahwa moxifloxacin tetes mata tidak bisa digunakan untuk mengobati infeksi mata yang disebabkan oleh jamur atau virus. Oleh karena itu, pemeriksaan oleh dokter perlu dilakukan sebelum menggunakan obat ini.

Merek dagang moxifloxacin tetes mata: Moxifloxacin HCl, Moxifloxacin Hydrochloride, Molcin, Moxidrop, Vigamox, Xiflox

Berikut ini adalah beberapa hal yang perlu diperhatikan sebelum menjalani terapi dengan moxifloxacin tetes mata:

Dosis moxifloxacin tetes mata dengan bentuk sediaan 0,5% adalah 1 tetes, 3 kali sehari pada mata yang sakit. Durasi pengobatan selama 7 hari.

Ikuti anjuran dokter dan baca petunjuk penggunaan pada kemasan obat sebelum menggunakan moxifloxacin tetes mata. Jangan menambah atau mengurangi dosis tanpa berkonsultasi dengan dokter.

Cuci tangan dengan air bersih sebelum meneteskan moxifloxacin tetes mata. Pastikan untuk tidak menyentuh ujung kemasan obat agar tidak terjadi kontaminasi.

Untuk memakai moxifloxacin tetes mata, dongakkan kepala dan tarik kelopak mata bawah agar membentuk kantung. Setelah itu, teteskan 1 tetes obat ke dalam mata dan tutup mata secara perlahan. Diamkan selama 1–2 menit sambil menekan ujung mata dekat hidung agar obat tidak mengalir keluar.

Hindari terlalu banyak mengedip atau mengucek mata setelah meneteskan obat mata. Jangan lupa mencuci tangan setelah menggunakan obat tetes mata.

Jangan menghentikan penggunaan moxifloxacin tetes mata tanpa seizin dokter meski keluhan sudah hilang. Berhenti menggunakan moxifloxacin tetes mata sebelum waktunya bisa meningkatkan risiko infeksi kambuh dan lebih sulit untuk diobati.

Simpan moxifloxacin tetes mata di tempat sejuk dan terhindar dari sinar matahari langsung. Jauhkan obat dari jangkauan anak-anak.

Belum diketahui efek interaksi yang bisa terjadi jika moxifloxacin tetes mata diberikan bersama dengan obat-obatan lain. Namun, untuk menghindari interaksi antarobat yang tidak diinginkan, beri tahu dokter semua obat, produk herbal, atau suplemen yang sedang Anda gunakan.

Jika Anda sedang memakai obat mata lain, beri jeda 5–10 menit sebelum meneteskan moxifloxacin tetes mata. Jika Anda menggunakan obat tetes dan salep mata, gunakan tetes mata terlebih dahulu.

Beberapa efek samping yang mungkin timbul setelah penggunaan moxifloxacin tetes mata adalah:

Lakukan pemeriksaan ke dokter jika keluhan tersebut tidak kunjung mereda atau makin parah. Segera cari pertolongan medis jika Anda mengalami reaksi alergi obat atau efek samping yang berat, seperti:

Lihat lebih lanjut mengenai:",https://www.alodokter.com/moxifloxacin-tetes-mata,2025-11-07T06:36:48.197247
Mata Belekan,Unknown,Unknown,319,2281,"Mata belekan adalah kondisi keluarnya cairan kental berwarna putih, kuning, atau kehijauan dari mata. Keluhan ini sering membuat kelopak mata lengket, terutama setelah bangun tidur. Meski biasanya tidak berbahaya, mata belekan juga dapat menjadi tanda infeksi atau masalah kesehatan lain yang perlu segera ditangani.

Mata belekan umum terjadi pada bayi, anak-anak, hingga orang dewasa. Sebagian besar kasus mata belekan bersifat ringan dan dapat sembuh dengan perawatan di rumah. Meski begitu, penting untuk memahami apa saja penyebab dan cara menangani mata belekan dengan benar agar tidak berkembang menjadi masalah yang lebih serius.

Belekan pada mata merupakan respons tubuh terhadap iritasi atau infeksi di area mata. Berikut ini beberapa penyebab mata belekan:

Selain keluarnya cairan lengket, berikut adalah gejala yang sering menyertai mata belekan:

Lakukan pemeriksaan ke dokter jika mengalami gejala yang telah disebutkan di atas. Anda bisa berkonsultasi dengan mudah dan cepat lewat Chat Bersama Dokter. Sampaikan keluhan yang Anda alami, dan dokter akan menjawabnya hanya dalam hitungan menit, bahkan detik.

Melalui chat, dokter akan mencari tahu penyebab gejala dan memberikan saran atau pengobatan. Jika keluhan mata belekan bertambah parah, Anda juga bisa membuat janji konsultasi di sini tanpa harus keluar rumah.

Jangan tunda untuk ke dokter jika Anda mengalami keluhan-keluhan berikut:

Untuk mendiagnosis mata belekan, dokter akan melakukan tanya jawab mengenai gejala dan penyakit yang pernah atau sedang dialami pasien. Setelah itu, dokter akan memeriksa kondisi mata secara langsung.

Jika diperlukan, sampel cairan belekan dapat diambil untuk diperiksa di laboratorium guna menentukan jenis infeksi. Pada kasus tertentu, dokter dapat melakukan tes tambahan seperti tes alergi untuk memastikan diagnosis mata belekan.

Penanganan mata belekan akan disesuaikan dengan penyebab utamanya. Umumnya, mata belekan bisa diatasi dengan upaya berikut:

Pada bayi, jika mata belekan terjadi akibat sumbatan saluran air mata, dokter bisa menyarankan teknik pijat khusus atau tindakan medis tertentu.

Jika tidak ditangani dengan tepat, mata belekan dapat menyebabkan komplikasi, seperti:

Berikut ini beberapa cara yang dapat dilakukan untuk mencegah mata belekan:",https://www.alodokter.com/mata-belekan,2025-11-07T06:36:50.557179
Penyakit Mata,Unknown,Unknown,306,2327,"Penyakit mata adalah gangguan yang terjadi pada bagian-bagian mata, mulai dari kornea, lensa, retina, saraf mata, hingga kelopak mata. Kondisi ini dapat disebabkan oleh infeksi, peradangan, atau kelainan refraksi. Penyakit mata bisa menimbulkan banyak gejala, seperti mata merah, nyeri, atau penglihatan buram.

Mata memiliki peran penting dalam aktivitas sehari-hari, seperti membaca, bekerja, dan berkomunikasi. Ketika terjadi penyakit mata, kualitas hidup seseorang dapat menurun secara signifikan. Oleh sebab itu, penting untuk mengenali jenis penyakit mata, gejala-gejala, dan cara penanganannya, agar kesehatan mata tetap terjaga.

Berikut beberapa kondisi atau penyakit yang dapat menyebabkan maupun meningkatkan risiko terjadinya penyakit mata:

Gejala penyakit mata sangat beragam, tergantung pada jenis dan tingkat keparahannya. Berikut beberapa keluhan yang umum dialami penderita penyakit mata:

Jika membutuhkan penjelasan awal mengenai gejala penyakit mata yang Anda alami, konsultasikan ke dokter lewat chat. Dokter akan memberikan penjelasan, saran, atau pengobatan awal. Dokter juga dapat merujuk Anda ke dokter spesialis di rumah sakit terdekat jika diperlukan pemeriksaan lebih lanjut.

Namun, jangan tunda untuk segera ke dokter mata jika mengalami gejala berikut:

Pemeriksaan dan penanganan juga perlu segera diberikan bila gejala di atas terjadi pada pasien anak-anak, penderita diabetes, atau lansia. Hal tersebut untuk mencegah terjadinya komplikasi pada mata.

Untuk mendiagnosis penyakit mata, dokter akan menanyakan gejala, penyakit yang pernah atau diderita pasien, dan kondisi maupun aktivitas yang menyebabkan keluhan. Setelah itu, dokter akan melakukan pemeriksaan fisik pada kelopak mata, bola mata, kornea, konjungtiva, lensa, dan retina.

Pasien juga dapat diminta untuk menjalani pemeriksaan ketajaman penglihatan yang biasanya menggunakan tes membaca huruf atau simbol (Snellen chart). Hal ini untuk menilai fungsi mata.

Jika diperlukan, pasien juga disarankan untuk menjalani pemeriksaan berikut guna memastikan diagnosis penyakit mata:

Pengobatan penyakit mata disesuaikan dengan penyebab dan tingkat keparahannya, antara lain:

Penyakit mata yang tidak ditangani dengan baik dapat menyebabkan komplikasi berikut:

Berikut adalah upaya yang dapat dilakukan untuk mencegah penyakit mata:",https://www.alodokter.com/penyakit-mata,2025-11-07T06:36:52.963784
Mata Berair,Unknown,Unknown,301,2191,"Mata berair adalah kondisi ketika mata mengeluarkan air mata secara berlebihan. Walaupun air mata penting untuk menjaga kelembapan dan membersihkan mata dari kotoran, produksi air mata yang terlalu banyak justru bisa mengganggu penglihatan dan menandakan adanya masalah kesehatan pada mata.

Air mata bisa keluar lebih banyak dari biasanya karena berbagai sebab, mulai dari iritasi ringan, infeksi, hingga gangguan saluran air mata. Memahami penyebab mata berair penting untuk menentukan penanganan yang tepat.

Air mata yang keluar dalam jumlah berlebihan umumnya terjadi akibat beberapa faktor. Berikut beberapa penyebab umum mata berair:

Tergantung pada penyebabnya, mata berair bisa disertai beberapa gejala lain, misalnya:

Konsultasikan ke dokter jika mata berair disertai dengan gejala-gejala di atas. Untuk mendapat jawaban yang cepat dan tepat, Anda bisa berdiskusi dengan dokter lewat Chat Bersama Dokter. Lewat chat, dokter akan mencari tahu penyebab keluhan, serta memberikan saran atau pengobatan sesuai kondisi Anda.

Jangan tunda untuk mencari pertolongan dokter jika muncul gejala yang lebih serius berikut:

Agar lebih mudah, Anda dapat membuat janji dengan dokter secara online tanpa harus antre. Anda juga bisa memilih dokter terbaik dari rumah sakit di berbagai kota, lengkap dengan info jam praktik dan biayanya.

Langkah awal yang dilakukan dokter untuk mendiagnosis mata berair adalah melakukan tanya jawab terkait gejala, lama keluhan, dan faktor pemicunya.

Setelah tanya jawab, dokter akan melakukan pemeriksaan fisik secara menyeluruh pada mata. Untuk memastikan diagnosis, pasien akan diminta untuk menjalankan tes fluorescein atau pengambilan sampel cairan mata.

Pengobatan mata berair akan disesuaikan dengan penyebabnya. Berikut beberapa metode penanganan yang dapat dilakukan:

Hal-hal yang bisa dilakukan oleh pasien untuk mengatasi mata berair, antara lain:

Jika keluhan mata berair tidak membaik dengan perawatan mandiri atau gejala makin berat, dokter mungkin akan melakukan:

Jika tidak ditangani dengan benar, mata berair bisa menyebabkan komplikasi, seperti:

Beberapa langkah sederhana berikut dapat dilakukan untuk mencegah terjadinya mata berair:",https://www.alodokter.com/mata-berair,2025-11-07T06:36:55.347878
Pilocarpine Tetes Mata,Unknown,Unknown,230,1687,"Pilocarpine tetes mata adalah obat untuk menurunkan tekanan dalam bola mata pada penderita glaukoma. Penurunan tekanan dalam bola mata (intraokular) dapat mengurangi risiko timbulnya kebutaan dan kerusakan saraf akibat glaukoma.

Pilocarpine tetes mata merupakan obat agonis kolinergik yang bekerja langsung memengaruhi otot mata sehingga meningkatkan aliran dari cairan dalam bola mata. Cara kerja ini bisa menurunkan tekanan dalam bola mata. Selain itu, obat ini juga bisa mengecilkan ukuran pupil.

Merek dagang pilocarpine: Cendo Carpine, Miokar

Pilocarpine tetes mata hanya boleh digunakan sesuai resep dokter. Berikut ini adalah beberapa hal yang perlu diperhatikan sebelum menggunakan pilocarpine tetes mata:

Dosis dan jangka waktu penggunaan pilocarpine tetes mata akan ditentukan oleh dokter sesuai usia dan kondisi pasien.

Dosis umum pilocarpine tetes mata untuk menurunkan tekanan intraokular yang meningkat pada penderita glaukoma, khususnya glaukoma sudut terbuka adalah 1–2 tetes pilocarpine tetes mata 1–4%, 1–4 kali sehari, pada mata yang bermasalah.

Ikuti anjuran dokter dan baca informasi yang tertera pada kemasan pilocarpine tetes mata sebelum menggunakannya. Berikut ini adalah hal-hal yang perlu diperhatikan dalam menggunakan pilocarpine tetes mata:

Beberapa efek interaksi obat yang dapat terjadi jika menggunakan pilocarpine tetes mata bersama obat-obatan lain adalah:

Efek samping yang mungkin timbul setelah menggunakan obat pilocarpine tetes mata antara lain:

Hubungi dokter jika efek samping tersebut tidak kunjung membaik. Segera temui dokter jika terjadi reaksi alergi obat atau efek samping yang lebih serius, seperti:

Lihat lebih lanjut mengenai:",https://www.alodokter.com/pilocarpine,2025-11-07T06:36:57.749527
Mata Kering,Unknown,Unknown,610,4475,"Sindrom mata kering adalah kondisi ketika mata tidak mendapatkan pelumasan yang cukup dari air mata. Kondisi ini dapat menyebabkan rasa tidak nyaman di mata, bahkan bisa merusak lapisan bening di bola mata yang berakibat pada gangguan penglihatan.

Air mata terdiri dari air, garam, minyak, lendir, dan protein. Fungsinya adalah untuk melumasi dan membuat permukaan mata tetap halus. Air mata juga berperan melindungi mata dari benda asing, unsur yang mengganggu, atau kuman penyebab infeksi.

Normalnya, air mata akan mengaliri permukaan mata ketika mata berkedip. Akan tetapi, pada mata kering, produksi atau komposisi air mata mengalami gangguan. Akibatnya, permukaan mata tidak terlumasi dengan baik. Kondisi ini menimbulkan sindrom mata kering atau keratoconjunctivitis sicca.

Meski dapat terjadi pada siapa saja, kondisi ini lebih banyak dialami oleh wanita. Selain itu, risiko terjadinya mata kering juga meningkat pada orang lanjut usia.

Seperti yang telah disebutkan sebelumnya, sindrom mata kering terjadi ketika mata tidak mendapatkan pelumasan yang memadai dari air mata.

Ada beberapa kondisi yang dapat menyebabkan mata kering, yaitu:

Mata kering dapat terjadi karena penurunan produksi air mata oleh kelenjar mata. Terjadinya penurunan produksi air mata tersebut dapat disebabkan oleh beberapa kondisi, yaitu:

Air mata terdiri dari berbagai komposisi. Jika salah satu komponen air mata tersebut tidak cukup atau tidak diproduksi sama sekali, terutama minyak, air mata akan lebih cepat menguap. Hal ini menyebabkan mata menjadi cepat kering.

Umumnya, peningkatan penguapan air mata disebabkan oleh kondisi berikut:

Mata kering lebih berisiko dialami oleh orang dengan faktor-faktor berikut:

Gejala mata kering dapat bervariasi, mulai dari ringan hingga berat. Gejala tersebut dapat memengaruhi satu atau kedua mata.

Beberapa gejala yang umumnya dialami penderita mata kering adalah:

Gejala mata kering dapat memburuk dalam kondisi tertentu, misalnya saat melihat layar komputer selama berjam-jam, terlalu lama berada di lingkungan yang udaranya kering, atau membaca buku dalam waktu lama.

Lakukan pemeriksaan ke dokter jika merasakan gejala mata kering secara terus-menerus dan tidak membaik, terutama bila gejala mata kering juga disertai dengan mata merah, iritasi, gatal, nyeri, atau terasa lelah.

Pemeriksaan ke dokter juga perlu segera dilakukan jika mengalami perubahan bentuk kelopak mata atau gangguan penglihatan.

Untuk mendiagnosis mata kering, dokter akan melakukan tanya jawab mengenai gejala yang dialami pasien, serta riwayat kesehatan pasien. Selanjutnya, dokter akan melakukan pemeriksaan fisik, terutama pada bagian mata dan wajah.

Untuk menetapkan diagnosis, dokter juga dapat melakukan pemeriksaan lanjutan, seperti:

Selain sejumlah pemeriksaan di atas, dokter juga dapat melakukan tes darah untuk mencari tahu kemungkinan mata kering disebabkan oleh penyakit tertentu.

Pengobatan mata kering bertujuan untuk membantu meringankan gejala dan mengatasi penyebabnya. Jika mengalami gejala yang ringan, pasien dapat melakukan perawatan mandiri di rumah sebagai langkah awal pengobatan.

Beberapa upaya perawatan mandiri yang dapat dilakukan adalah:

Sementara itu, jika timbul gejala yang lebih parah bahkan serius, dokter akan memberikan tindakan pengobatan. Bila mata kering diduga terjadi akibat kondisi atau penyakit tertentu, dokter akan mengatasi kondisi tersebut terlebih dahulu.

Beberapa metode pengobatan yang dapat dilakukan dokter adalah:

Beberapa obat-obatan yang dapat diberikan dokter untuk mengatasi mata kering adalah:

Selain memberikan obat-obatan, dokter juga dapat melakukan beberapa tindakan berikut ini:

Operasi dapat dilakukan untuk kasus mata kering yang parah dan tidak bisa diatasi dengan terapi lain. Prosedur ini dilakukan dengan menyumbat saluran pembuangan air mata secara permanen sehingga permukaan mata akan selalu lembap.

Umumnya, sindrom mata kering berlangsung lama dan sering kambuh. Namun, bila ditangani dengan cepat dan tepat, kondisi ini dapat diatasi.

Umumnya, penderita mata kering hanya mengalami iritasi ringan tanpa efek jangka panjang. Namun, jika tidak diobati atau bertambah parah, mata kering dapat menyebabkan komplikasi berupa:

Selain beberapa komplikasi di atas, sindrom mata kering juga dapat menyebabkan penderitanya kesulitan melakukan aktivitas sehari-hari, seperti membaca atau mengemudikan kendaraan.

Mata kering dapat dicegah dengan melakukan beberapa hal berikut:",https://www.alodokter.com/mata-kering,2025-11-07T06:37:00.170024
Kantung Mata Hitam,Unknown,Unknown,462,3320,"Kantung mata hitam adalah kondisi ketika area kulit di bawah mata lebih gelap dari area di sekitarnya. Kondisi ini dapat membuat pemiliknya terlihat letih dan lebih tua tanpa disadari. Meski begitu, ada upaya-upaya yang bisa dilakukan untuk mengurangi penampakan kantung mata hitam.

Kantung mata hitam bisa dialami oleh semua orang, tetapi lebih umum terjadi pada lansia. Ada dugaan bahwa faktor genetik berperan dalam munculnya kondisi ini. Hal ini karena kantung mata hitam biasanya ditemukan pada beberapa anggota keluarga sekaligus.

Kantung mata hitam bukanlah kondisi yang perlu dikhawatirkan karena tidak akan mengganggu fungsi penglihatan. Kondisi ini juga dapat ditangani dengan cara yang sederhana dan mudah dilakukan.

Kantung mata hitam bisa terjadi karena berbagai alasan. Salah satu penyebab yang paling umum adalah penuaan. Seiring bertambahnya usia, area kulit di bawah mata akan mulai mengendur dan menipis sehingga pembuluh darah di bawah mata lebih terlihat jelas. Hal ini menyebabkan kantung mata menjadi lebih gelap.

Pengenduran kulit akibat penuaan juga dapat menyebabkan cekungan di bawah mata. Cekungan ini akan menimbulkan bayangan yang membuat mata terlihat sembap dan lelah.

Di samping itu, ada juga faktor lain yang dapat meningkatkan risiko terjadinya kantung mata hitam, seperti:

Kantung mata hitam juga bisa terjadi akibat penyakit tertentu, seperti rhinitis alergi, penyakit tiroid, dermatitis, atau anemia. Namun, kantung mata hitam bukanlah gejala utama dari penyakit-penyakit ini. Akan ada gejala lain yang lebih menonjol daripada kantung mata hitam.

Kantung mata hitam dapat muncul dengan berbagai gejala, seperti:

Kantung mata hitam biasanya tidak berbahaya dan tidak memerlukan perawatan medis. Namun, sebaiknya konsultasikan dengan dokter jika gejala ini disertai dengan:

Kantung mata hitam bisa langsung terlihat jelas tanpa pemeriksaan khusus. Namun, untuk mengetahui penyebab kantung mata hitam, dokter akan terlebih dahulu bertanya kepada pasien mengenai hal-hal berikut:

Setelah itu, dokter akan melakukan pemeriksaan fisik dengan melihat kulit di bawah mata. Untuk menguatkan diagnosis kantung mata hitam, dokter akan melakukan pemeriksaan penunjang, seperti:

Kantung mata hitam pada umumnya akan membaik dengan perbaikan pola hidup. Ada beberapa cara untuk menghilangkan kantung mata hitam yang dapat dilakukan di rumah, yaitu:

Namun, cara-cara di atas mungkin tidak bisa menghilangkan kantung mata hitam dengan cepat. Jika Anda membutuhkan hasil yang cepat, gunakan kosmetik, seperti concealer atau color corrector.

Jika sudah melakukan perawatan mandiri tetapi kantung mata hitam tidak juga hilang, ada beberapa terapi yang dapat dilakukan untuk menghilangkan kantung mata hitam, yaitu:

Jika kantung mata hitam disebabkan oleh penyakit tertentu, dokter akan mengatasi kondisi tersebut dan kantung mata hitam biasanya akan menghilang seiring dengan membaiknya kondisi yang dialami.

Seperti telah dikatakan sebelumnya, kantung mata hitam bukanlah masalah kesehatan yang serius. Beberapa orang mungkin akan merasa tidak percaya diri karena kantung matanya hitam. Meski begitu, pada kebanyakan kasus, kantung mata hitam dapat membaik dengan perbaikan pola hidup.

Upaya-upaya yang dapat dilakukan untuk mengurangi risiko terjadinya kantung mata hitam antara lain:",https://www.alodokter.com/kantung-mata-hitam,2025-11-07T06:37:02.613158
Mata Perih,Unknown,Unknown,509,3634,"Mata perih adalah kondisi ketika permukaan mata terasa panas, seperti terbakar, atau menyengat. Kondisi ini bisa terjadi pada satu atau kedua mata, dan sering disertai keluhan lain, seperti mata merah, berair, bengkak, atau terasa kering.

Permukaan mata yang sehat selalu terlindungi oleh lapisan air mata yang menjaga kelembapan dan membantu membersihkan partikel asing. Namun, jika terjadi iritasi, infeksi, atau gangguan pada produksi air mata, mata akan lebih mudah terasa perih.

Berbagai faktor dapat menyebabkan mata perih, mulai dari paparan polusi, debu, atau asap. Meski umumnya bukan masalah serius, mata perih dapat juga menandakan adanya gangguan kesehatan mata yang mungkin memerlukan penanganan khusus. Oleh karena itu, penting untuk mengetahui penyebabnya agar penanganan yang diberikan bisa tepat dan efektif.

Mata perih dapat dipicu oleh berbagai hal, mulai dari penyebab ringan hingga kondisi yang memerlukan penanganan medis. Berikut beberapa di antaranya:

Paparan asap rokok, polusi udara, debu, atau bahan kimia tertentu dapat mengiritasi permukaan mata. Kondisi ini biasanya menimbulkan rasa perih, tidak nyaman, dan mudah berair.

Debu, serbuk sari, atau bulu hewan peliharaan bisa memicu reaksi alergi pada mata. Akibatnya, mata terasa gatal, perih, dan kadang disertai kemerahan.

Produksi air mata yang berkurang atau kualitasnya yang menurun dapat menyebabkan mata terasa kering. Kondisi ini sering menimbulkan sensasi panas, perih, dan seperti berpasir.

Infeksi bakteri, virus, atau reaksi alergi pada konjungtiva dapat membuat mata merah, bengkak, dan berair. Selain itu, penderita juga biasanya merasakan sensasi perih dan gatal.

Memakai lensa kontak melebihi batas waktu atau tidak membersihkannya dengan benar dapat menimbulkan iritasi pada mata. Dalam beberapa kasus, hal ini juga bisa menyebabkan infeksi.

Pasir, bulu mata, atau serangga kecil yang masuk ke mata dapat memicu rasa perih dan tidak nyaman. Benda asing tersebut juga bisa menyebabkan mata berair dan sulit dibuka.

Peradangan pada kelopak mata umumnya disebabkan oleh infeksi atau gangguan pada kelenjar minyak di sekitar bulu mata. Kondisi ini dapat membuat mata perih, merah, dan terasa kotor.

Gejala yang menyertai mata perih dapat berbeda-beda, tergantung pada penyebabnya.Gejala tersebut dapat memengaruhi satu atau kedua mata. Umumnya, mata perih diikuti dengan keluhan berikut:

Sebagian besar kasus mata perih dapat membaik dengan perawatan sederhana di rumah. Bila ragu, Anda bisa berkonsultasi terlebih dahulu lewat Chat Bersama Dokter agar mendapatkan untuk mendapatkan pengobatan dan saran penanganan yang bisa Anda lakukan di rumah.

Segera periksakan diri ke dokter jika mata gatal tidak kunjung membaik atau disertai kondisi di bawah ini:

Anda bisa membuat janji dengan dokter di rumah sakit melalui fitur booking di Alodokter, sehingga proses pemeriksaan menjadi lebih mudah, cepat, dan bebas antre.

Untuk mengetahui penyebab mata perih, dokter akan melakukan sesi tanya jawab. Umumnya, dokter akan memulai pemeriksaan dengan menanyakan riwayat medis dan gejala yang Anda alami. Beberapa pertanyaan yang mungkin diajukan antara lain:

Agar penyebab mata perih dapat dipastikan, dokter juga bisa melakukan beberapa pemeriksaan berikut:

Penanganan mata perih disesuaikan dengan penyebabnya. Beberapa pilihan yang dapat dilakukan antara lain:

Mata perih yang tidak ditangani dengan tepat dapat menimbulkan berbagai komplikasi, terutama jika penyebabnya adalah infeksi atau gangguan mata serius. Beberapa komplikasi yang dapat terjadi meliputi:

Beberapa langkah sederhana ini dapat membantu mencegah mata perih:",https://www.alodokter.com/mata-perih,2025-11-07T06:37:04.985395
Limfoma Mata,Unknown,Unknown,498,3692,"Limfoma mata adalah jenis kanker mata yang umumnya berkembang di retina dan cairan bola mata. Selain menyebabkan gangguan pada mata, limfoma mata sering kali menyebabkan limfoma pada otak yang dapat menyebabkan gejala lebih parah.

Limfoma mata disebut juga limfoma okular. Limfoma mata dapat terjadi pada siapa saja. Akan tetapi, kondisi ini lebih sering terjadi pada seseorang yang berusia lanjut atau menderita penyakit yang melemahkan daya tahan tubuh, seperti HIV/AIDS.

Limfoma mata atau limfoma okular terbagi dalam tiga jenis, yaitu:

Limfoma mata disebabkan oleh perubahan atau mutasi pada DNA di sel darah putih yang disebut limfosit. Mutasi DNA ini dapat menyebabkan limfosit tidak berfungsi dengan baik.

Belum diketahui secara pasti mengapa mutasi DNA ini dapat terjadi. Namun, ada beberapa faktor risiko yang dapat meningkatkan seseorang terkena limfoma mata, yaitu:

Gejala awal yang muncul pada penderita limfoma mata tidak terlalu spesifik dan bisa dianggap sebagai penyakit mata lain. Adapun gejala limfoma mata tergantung pada jenisnya, yaitu:

Gejala limfoma intraokular umumnya berkembang dengan cepat. Beberapa gejalanya adalah:

Berbeda dengan limfoma intraokular, limfoma uveal berkembang secara perlahan. Gejala yang dapat timbul antara lain:

Limfoma adneksa okular

Limfoma adneksa okular dapat berkembang perlahan. Beberapa gejala yang dapat timbul adalah:

Gejala limfoma mata biasanya terjadi pada kedua mata, tetapi gejala yang muncul lebih terlihat pada satu mata.

Lakukan pemeriksaan ke dokter jika Anda mengalami gejala di atas secara terus menerus, gejala tidak kunjung membaik meski sudah mendapatkan pengobatan, atau jika gejala makin parah.

Perlu diketahui, makin cepat limfoma mata dideteksi, makin mudah mengobatinya. Kemungkinan pengobatannya berhasil juga akan lebih tinggi.

Untuk mendiagnosis limfoma mata, dokter akan melakukan tanya jawab mengenai gejala dan riwayat penyakit pasien, serta kapan gejala mulai muncul.

Selanjutnya, dokter akan melakukan pemeriksaan fisik dengan oftalmoskopi, untuk melihat secara jelas bagian dalam mata, seperti retina dan pembuluh darah. Oftalmoskopi dapat mendeteksi dini jenis penyakit pada mata yang memiliki keluhan.

Selain itu, pemeriksaan tambahan mungkin dibutuhkan untuk mendiagnosis limfoma mata, antara lain:

Melalui hasil pemeriksaan di atas, dokter dapat menentukan stadium atau tingkat keparahan limfoma mata pada pasien. Berikut adalah penjelasannya:

Pengobatan limfoma mata bertujuan untuk menghancurkan sel kanker dan menghentikan penyebarannya. Beberapa metode pengobatannya adalah:

Radioterapi bertujuan untuk membunuh sel kanker menggunakan pancaran sinar berenergi tinggi. Pengobatan ini biasanya digunakan pada kedua mata.

Radioterapi juga dapat digunakan pada otak dan sumsum tulang belakang untuk menghancurkan sel kanker yang mungkin sudah menyebar.

Kemoterapi adalah pemberian obat untuk membunuh sel kanker. Obat kemoterapi dapat diberikan melalui vena, cairan serebrospinal, suntikan langsung ke mata, atau melalui obat oles yang digunakan di permukaan mata.

Obat kemoterapi yang digunakan pada limfoma mata antara lain:

Prosedur bedah biasanya dilakukan pada limfoma yang menyerang konjungtiva (selaput bening di permukaan mata) agar limfoma tidak menyebar. Bedah dapat dilakukan dengan dua cara, yaitu:

Komplikasi limfoma mata dapat terjadi akibat pengobatannya atau akibat kondisinya yang makin memburuk. Beberapa komplikasi yang dapat terjadi yaitu:

Limfoma mata juga dapat menyebar ke otak. Kondisi tersebut dapat menimbulkan beberapa kondisi berikut:

Limfoma mata dapat dihindari dengan cara menghindari faktor risikonya. Beberapa upaya yang dapat dilakukan adalah:",https://www.alodokter.com/limfoma-mata,2025-11-07T06:37:07.390671
Alletrol Compositum Tetes Mata,Unknown,Unknown,318,2324,"Alletrol Compositum Tetes Mata adalah obat untuk mengatasi infeksi bakteri pada mata, termasuk kondisi mata merah, kelopak mata bengkak, dan radang kornea. Agar hasil pengobatan efektif, obat ini harus digunakan sesuai anjuran dokter.

Alletrol Compositum Tetes Mata mengandung tiga zat aktif, yaitu dexamethasone, neomycin sulfate, dan polymyxin B sulfate. Dexamethasone berfungsi meredakan bengkak dan kemerahan pada mata, sedangkan neomycin sulfate dan polymyxin B sulfate bekerja dengan cara membunuh bakteri penyebab infeksi.

Alletrol Compositum Tetes Mata termasuk dalam kategori obat tetes mata resep yang hanya bisa diperoleh melalui konsultasi dengan dokter. Sebelum menggunakannya untuk mengatasi infeksi mata, ada sejumlah hal penting terkait aturan pakai, keamanan, dan peringatan yang wajib diperhatikan, yaitu:

Berikut ini adalah panduan dosis umum yang direkomendasikan untuk penggunaan Alletrol Compositum Tetes Mata:

Gunakan Alletrol Compositum Tetes Mata sesuai anjuran dokter dan aturan pakai pada kemasan. Jangan menambah atau mengurangi dosis tanpa persetujuan dokter.

Supaya manfaat Alletrol Compositum Tetes Mata benar-benar terasa, obat ini harus digunakan dengan cara yang tepat. Pemakaian yang keliru bukan hanya membuat obat kurang efektif, tetapi juga bisa menimbulkan efek samping. Simak panduan cara pakai yang benar berikut ini:

Jika keluhan tidak membaik atau justru memburuk dalam 2 hari pemakaian, segera hentikan pemakaian dan konsultasikan kondisi Anda dengan dokter melalui layanan online untuk penanganan yang tepat.

Alletrol Compositum Tetes Mata dapat menimbulkan efek interaksi di bawah ini jika digunakan bersama obat tertentu:

Selalu konsultasikan ke dokter mengenai semua obat yang sedang Anda konsumsi untuk mencegah interaksi yang merugikan.

Penggunaan obat apa pun, termasuk Alletrol Compositum Tetes Mata, berisiko menimbulkan efek samping, terutama bila pemakaiannya menyalahi dosis. Efek samping yang muncul bisa berupa:

Hentikan penggunaan Alletrol Compositum Tetes Mata dan segera ke dokter bila Anda mengalami efek samping serius, seperti:

Periksakan ke dokter jika efek samping di atas tak kunjung reda atau memburuk. Anda bisa menggunakan fitur Chat Bersama Dokter di aplikasi Alodokter atau buat janji konsultasi di rumah sakit.

Lihat lebih lanjut mengenai:",https://www.alodokter.com/alletrol-compositum-tetes-mata,2025-11-07T06:37:09.814977
Mata Berlemak,Unknown,Unknown,416,3198,"Mata berlemak adalah kondisi di mana muncul benjolan kecil berwarna kekuningan pada permukaan bola mata, khususnya di bagian putih mata (sklera). Benjolan ini biasanya tidak menimbulkan rasa sakit, tetapi bisa membuat mata terasa mengganjal atau mengganggu penampilan.

Dalam istilah medis, kondisi mata berlemak disebut pinguecula atau pterygium. Pinguecula berbentuk bintik kecil di tepi putih mata, sementara pterygium bisa melebar ke bagian hitam mata. Orang yang sering terpapar sinar matahari atau angin lebih berisiko mengalami mata berlemak.

Paparan sinar ultraviolet (UV), debu, serta angin merupakan penyebab utama terbentuknya mata berlemak. Kondisi ini memang tidak berbahaya, tetapi pertumbuhan jaringan bisa menurunkan kenyamanan mata dan berisiko mengganggu penglihatan bila melebar hingga ke kornea.

Mata berlemak dapat dipengaruhi oleh berbagai faktor yang membuat jaringan pada permukaan mata lebih mudah mengalami perubahan. Beberapa di antaranya adalah:

Mata berlemak umumnya ditandai dengan munculnya benjolan kecil berwarna kekuningan pada mata. Biasanya benjolan ini muncul di bagian putih mata, terutama di sisi dekat hidung atau bagian luar mata. Kondisi ini biasanya tidak menimbulkan rasa sakit, tetapi dapat menimbulkan keluhan tertentu, seperti:

Jika Anda mengalami gejala-gejala di atas, terutama bila penglihatan mulai terganggu, sebaiknya segera berkonsultasi dengan dokter. Anda bisa memanfaatkan layanan Chat Bersama Dokter untuk mendapat saran dan penanganan medis yang sesuai.

Sebaiknya segera periksakan diri ke dokter mata jika Anda mengalami:

Anda bisa menggunakan layanan booking dokter secara online untuk menjadwalkan konsultasi dengan dokter spesialis sesuai waktu yang Anda inginkan.

Diagnosis mata berlemak biasanya diawali dengan wawancara medis mengenai kondisi pasien. Dokter akan menanyakan beberapa hal, seperti:

Setelah itu, dokter akan melakukan pemeriksaan fisik dengan melihat langsung bagian putih mata dan kornea. Dokter akan menilai ukuran, bentuk, dan lokasi jaringan berlemak, serta memeriksa apakah pertumbuhan jaringan sudah menutupi kornea dan mengganggu penglihatan.

Jika diperlukan, pemeriksaan penunjang bisa dilakukan, seperti:

Penanganan mata berlemak disesuaikan dengan ukuran jaringan, gejala yang ditimbulkan, serta seberapa besar gangguannya terhadap penglihatan. Sebagian besar kasus tidak berbahaya dan cukup dipantau saja, tetapi ada juga yang memerlukan terapi medis atau tindakan operasi.

Beberapa cara pengobatan yang bisa dilakukan antara lain:

Untuk kasus ringan, mata berlemak biasanya tidak membutuhkan penanganan khusus dan bisa dikendalikan dengan perawatan sederhana, seperti:

Jika mata berlemak menimbulkan keluhan cukup mengganggu, dokter dapat memberikan:

Pada kasus tertentu, bila jaringan mata berlemak (terutama pterygium) sudah menutupi kornea atau mengganggu penglihatan, dokter dapat menyarankan operasi pengangkatan jaringan tersebut. Tindakan ini juga bisa dipertimbangkan bila keluhan penampilan mata dirasa mengganggu pasien.

Jika tidak ditangani, mata berlemak dapat menimbulkan beberapa komplikasi, seperti:

Mata berlemak dapat dicegah dengan beberapa langkah sederhana, antara lain:",https://www.alodokter.com/mata-berlemak,2025-11-07T06:37:12.227661
